date,Alameda,Contra Costa,Marin,San Francisco,San Mateo,Santa Clara,sums
2020-03-26,199.0,131.0,65.0,226.0,195.0,542.0,1358.0
2020-03-27,241.0,151.0,69.0,282.0,239.0,574.0,1556.0
2020-03-28,277.0,168.0,74.0,308.0,274.0,591.0,1692.0
2020-03-29,291.0,175.0,93.0,343.0,277.0,646.0,1825.0
2020-03-30,304.0,187.0,99.0,374.0,309.0,848.0,2121.0
2020-03-31,334.0,222.0,102.0,400.0,309.0,890.0,2257.0
2020-04-01,380.0,250.0,108.0,437.0,388.0,956.0,2519.0
2020-04-02,417.0,276.0,118.0,450.0,453.0,1019.0,2733.0
2020-04-03,464.0,307.0,131.0,500.0,486.0,1094.0,2982.0
2020-04-04,464.0,353.0,137.0,529.0,538.0,1148.0,3169.0
2020-04-05,587.0,386.0,141.0,571.0,555.0,1207.0,3447.0
2020-04-06,609.0,417.0,143.0,586.0,579.0,1224.0,3558.0
2020-04-07,655.0,442.0,148.0,622.0,589.0,1285.0,3741.0
2020-04-08,695.0,462.0,149.0,679.0,617.0,1380.0,3982.0
2020-04-09,734.0,484.0,154.0,727.0,633.0,1442.0,4174.0
2020-04-10,766.0,511.0,154.0,800.0,638.0,1484.0,4353.0
2020-04-11,827.0,530.0,153.0,860.0,652.0,1566.0,4588.0
2020-04-12,864.0,539.0,164.0,875.0,652.0,1621.0,4715.0
2020-04-13,907.0,552.0,170.0,960.0,701.0,1666.0,4956.0
2020-04-14,908.0,600.0,171.0,990.0,747.0,1666.0,5082.0
2020-04-15,983.0,615.0,184.0,1016.0,767.0,1793.0,5358.0
2020-04-16,1069.0,631.0,187.0,1022.0,767.0,1833.0,5509.0
2020-04-17,1084.0,648.0,187.0,1061.0,797.0,1870.0,5647.0
2020-04-18,1135.0,685.0,189.0,1140.0,838.0,1870.0,5857.0
2020-04-19,1185.0,693.0,195.0,1160.0,838.0,1870.0,5941.0
2020-04-20,1212.0,707.0,199.0,1219.0,920.0,1922.0,6179.0
2020-04-21,1260.0,749.0,200.0,1234.0,935.0,1946.0,6324.0
2020-04-22,1260.0,763.0,203.0,1236.0,958.0,1962.0,6382.0
2020-04-23,1350.0,772.0,209.0,1305.0,966.0,1987.0,6589.0
2020-04-24,1422.0,786.0,212.0,1343.0,989.0,2018.0,6770.0
2020-04-25,1458.0,805.0,223.0,1357.0,1019.0,2040.0,6902.0
2020-04-26,1489.0,817.0,224.0,1411.0,1019.0,2084.0,7044.0
2020-04-27,1519.0,830.0,225.0,1427.0,1080.0,2105.0,7186.0
2020-04-28,1554.0,843.0,227.0,1471.0,1099.0,2122.0,7316.0
2020-04-29,1589.0,866.0,235.0,1490.0,1136.0,2134.0,7450.0
2020-04-30,1624.0,891.0,237.0,1502.0,1177.0,2163.0,7594.0
2020-05-01,1657.0,907.0,240.0,1526.0,1197.0,2179.0,7706.0
2020-05-02,1726.0,934.0,242.0,1552.0,1233.0,2204.0,7891.0
2020-05-03,1770.0,945.0,243.0,1632.0,1272.0,2231.0,8093.0
2020-05-04,1797.0,947.0,243.0,1692.0,1281.0,2244.0,8204.0
2020-05-05,1830.0,969.0,244.0,1760.0,1315.0,2255.0,8373.0
2020-05-06,1884.0,985.0,244.0,1779.0,1341.0,2268.0,8501.0
2020-05-07,1938.0,999.0,244.0,1806.0,1377.0,2281.0,8645.0
2020-05-08,1982.0,1014.0,252.0,1856.0,1398.0,2290.0,8792.0
2020-05-09,2044.0,1036.0,257.0,1894.0,1425.0,2307.0,8963.0
2020-05-10,2085.0,1048.0,261.0,1946.0,1453.0,2339.0,9132.0
2020-05-11,2122.0,1048.0,267.0,1957.0,1464.0,2341.0,9199.0
2020-05-12,2154.0,1066.0,271.0,1980.0,1499.0,2364.0,9334.0
2020-05-13,2199.0,1080.0,274.0,1997.0,1533.0,2364.0,9447.0
2020-05-14,2202.0,1089.0,278.0,2007.0,1550.0,2391.0,9517.0
2020-05-15,2321.0,1100.0,283.0,2032.0,1588.0,2403.0,9727.0
2020-05-16,2372.0,1121.0,299.0,2065.0,1612.0,2418.0,9887.0
2020-05-17,2413.0,1146.0,317.0,2097.0,1652.0,2453.0,10078.0
2020-05-18,2478.0,1155.0,329.0,2135.0,1680.0,2453.0,10230.0
2020-05-19,2543.0,1192.0,336.0,2186.0,1701.0,2483.0,10441.0
2020-05-20,2581.0,1209.0,343.0,2189.0,1704.0,2492.0,10518.0
2020-05-21,2630.0,1234.0,352.0,2202.0,1739.0,2508.0,10665.0
2020-05-22,2729.0,1259.0,369.0,2323.0,1791.0,2546.0,11017.0
2020-05-23,2788.0,1296.0,388.0,2353.0,1847.0,2571.0,11243.0
2020-05-24,2868.0,1321.0,403.0,2370.0,1862.0,2617.0,11441.0
2020-05-25,2895.0,1336.0,417.0,2389.0,1925.0,2652.0,11614.0
2020-05-26,3007.0,1353.0,420.0,2402.0,1938.0,2675.0,11795.0
2020-05-27,3070.0,1375.0,430.0,2411.0,1967.0,2688.0,11941.0
2020-05-28,3118.0,1384.0,439.0,2440.0,2045.0,2701.0,12127.0
2020-05-29,3216.0,1404.0,450.0,2476.0,2070.0,2707.0,12323.0
2020-05-30,3310.0,1426.0,466.0,2535.0,2104.0,2731.0,12572.0
2020-05-31,3411.0,1450.0,483.0,2561.0,2129.0,2776.0,12810.0
2020-06-01,3491.0,1468.0,501.0,2573.0,2169.0,2805.0,13007.0
2020-06-02,3536.0,1506.0,506.0,2590.0,2190.0,2819.0,13147.0
2020-06-03,3569.0,1513.0,525.0,2616.0,2212.0,2832.0,13267.0
2020-06-04,3662.0,1547.0,530.0,2647.0,2244.0,2850.0,13480.0
2020-06-05,3746.0,1577.0,551.0,2701.0,2299.0,2892.0,13766.0
2020-06-06,3826.0,1633.0,571.0,2715.0,2331.0,2920.0,13996.0
2020-06-07,3895.0,1668.0,589.0,2750.0,2342.0,2942.0,14186.0
2020-06-08,3966.0,1706.0,625.0,2782.0,2399.0,2973.0,14451.0
2020-06-09,4006.0,1774.0,635.0,2796.0,2437.0,3017.0,14665.0
2020-06-10,4054.0,1798.0,651.0,2812.0,2475.0,3032.0,14822.0
2020-06-11,4140.0,1829.0,664.0,2843.0,2494.0,3063.0,15033.0
2020-06-12,4237.0,1877.0,692.0,2880.0,2533.0,3117.0,15336.0
2020-06-13,4237.0,1921.0,713.0,2909.0,2553.0,3157.0,15490.0
2020-06-14,4341.0,1959.0,730.0,2931.0,2553.0,3197.0,15711.0
2020-06-15,4394.0,1983.0,751.0,2955.0,2571.0,3230.0,15884.0
2020-06-16,4502.0,2026.0,805.0,2974.0,2591.0,3254.0,16152.0
2020-06-17,4554.0,2071.0,842.0,2985.0,2618.0,3288.0,16358.0
2020-06-18,4659.0,2111.0,861.0,3023.0,2649.0,3363.0,16666.0
2020-06-19,4723.0,2148.0,917.0,3060.0,2674.0,3398.0,16920.0
2020-06-20,4826.0,2240.0,1030.0,3061.0,2713.0,3458.0,17328.0
2020-06-21,4826.0,2294.0,1110.0,3061.0,2755.0,3547.0,17593.0
2020-06-22,5028.0,2369.0,1250.0,3188.0,2781.0,3606.0,18222.0
2020-06-23,5161.0,2454.0,1349.0,3222.0,2813.0,3727.0,18726.0
2020-06-24,5296.0,2523.0,1470.0,3252.0,2907.0,3832.0,19280.0
2020-06-25,5403.0,2576.0,1573.0,3300.0,2964.0,3888.0,19704.0
2020-06-26,5514.0,2676.0,1636.0,3403.0,2996.0,3984.0,20209.0
2020-06-27,5523.0,2688.0,1746.0,3471.0,3055.0,3984.0,20467.0
2020-06-28,5691.0,2802.0,1998.0,3515.0,3083.0,4162.0,21251.0
2020-06-29,5783.0,2971.0,2210.0,3564.0,3124.0,4162.0,21814.0
2020-06-30,5985.0,3132.0,2289.0,3606.0,3170.0,4231.0,22413.0
2020-07-01,6177.0,3248.0,2394.0,3651.0,3268.0,4572.0,23310.0
2020-07-02,6405.0,3326.0,2446.0,3722.0,3376.0,4750.0,24025.0
2020-07-03,6493.0,3432.0,2656.0,3722.0,3441.0,4849.0,24593.0
2020-07-04,6577.0,3564.0,2656.0,3784.0,3536.0,5077.0,25194.0
2020-07-05,6876.0,3662.0,2656.0,3864.0,3536.0,5273.0,25867.0
2020-07-06,6908.0,3878.0,2871.0,3995.0,3599.0,5408.0,26659.0
2020-07-07,6991.0,4092.0,2881.0,4023.0,3692.0,5478.0,27157.0
2020-07-08,7266.0,4241.0,2891.0,4074.0,3743.0,5552.0,27767.0
2020-07-09,7428.0,4357.0,2965.0,4148.0,3787.0,5678.0,28363.0
2020-07-10,7506.0,4460.0,3024.0,4319.0,3846.0,5863.0,29018.0
2020-07-11,7746.0,4605.0,3101.0,4429.0,3949.0,5983.0,29813.0
2020-07-12,7866.0,4661.0,3191.0,4525.0,3956.0,6298.0,30497.0
2020-07-13,8077.0,4852.0,3358.0,4593.0,4045.0,6542.0,31467.0
2020-07-14,8342.0,5023.0,3402.0,4643.0,4168.0,6725.0,32303.0
2020-07-15,8499.0,5140.0,3451.0,4699.0,4254.0,6951.0,32994.0
2020-07-16,8648.0,5246.0,3458.0,4863.0,4333.0,7046.0,33594.0
2020-07-17,8879.0,5378.0,4159.0,4978.0,4403.0,7131.0,34928.0
2020-07-18,9131.0,5538.0,4198.0,5119.0,4465.0,7300.0,35751.0
2020-07-19,9258.0,5617.0,4305.0,5205.0,4488.0,7456.0,36329.0
2020-07-20,9277.0,5731.0,4376.0,5308.0,4551.0,7795.0,37038.0
2020-07-21,9404.0,5931.0,4427.0,5366.0,4674.0,8046.0,37848.0
2020-07-22,9664.0,6210.0,4490.0,5462.0,4776.0,8321.0,38923.0
2020-07-23,9890.0,6425.0,4524.0,5567.0,4885.0,8533.0,39824.0
2020-07-24,10235.0,6627.0,4553.0,5682.0,4957.0,8719.0,40773.0
2020-07-25,10351.0,6814.0,4589.0,5790.0,5022.0,8833.0,41399.0
2020-07-26,10391.0,6933.0,4649.0,5935.0,5023.0,9041.0,41972.0
2020-07-27,10510.0,7095.0,4769.0,6025.0,5124.0,9215.0,42738.0
2020-07-28,10666.0,7304.0,4765.0,6068.0,5198.0,9359.0,43360.0
2020-07-29,10896.0,7714.0,4874.0,6200.0,5306.0,9612.0,44602.0
2020-07-30,11198.0,7577.0,4932.0,6426.0,5398.0,9731.0,45262.0
2020-07-31,11324.0,7670.0,4987.0,6578.0,5469.0,9913.0,45941.0
2020-08-01,11505.0,7806.0,5058.0,6726.0,5544.0,10321.0,46960.0
2020-08-02,11611.0,7966.0,5078.0,6814.0,5544.0,10626.0,47639.0
2020-08-03,11867.0,8033.0,5115.0,6919.0,5683.0,10794.0,48411.0
2020-08-04,11930.0,8176.0,5180.0,6992.0,5744.0,11030.0,49052.0
2020-08-05,12157.0,8324.0,5190.0,7084.0,5758.0,11128.0,49641.0
2020-08-06,12161.0,8532.0,5252.0,7231.0,5891.0,11336.0,50403.0
2020-08-07,12161.0,8760.0,5286.0,7329.0,5978.0,11475.0,50989.0
2020-08-08,12826.0,9022.0,5326.0,7435.0,6110.0,11687.0,52406.0
2020-08-09,13108.0,9182.0,5355.0,7551.0,6110.0,11954.0,53260.0
2020-08-10,13262.0,9404.0,5398.0,7626.0,6318.0,12694.0,54702.0
2020-08-11,13685.0,9787.0,5471.0,7626.0,6431.0,12962.0,55962.0
2020-08-12,14120.0,10103.0,5583.0,7837.0,6535.0,13059.0,57237.0
2020-08-13,14250.0,10482.0,5674.0,7947.0,6640.0,13340.0,58333.0
2020-08-14,14579.0,10756.0,5707.0,8056.0,6803.0,13856.0,59757.0
2020-08-15,14930.0,11013.0,5747.0,8160.0,6952.0,14207.0,61009.0
2020-08-16,15186.0,11228.0,5771.0,8295.0,6952.0,14429.0,61861.0
2020-08-17,15359.0,11408.0,5788.0,8349.0,7150.0,14429.0,62483.0
2020-08-18,15475.0,11668.0,5788.0,8430.0,7228.0,14872.0,63461.0
2020-08-19,15857.0,11886.0,5832.0,8531.0,7321.0,15085.0,64512.0
2020-08-20,16205.0,12046.0,5852.0,8614.0,7382.0,15258.0,65357.0
2020-08-21,16490.0,12362.0,5879.0,8705.0,7472.0,15496.0,66404.0
2020-08-22,16714.0,12527.0,5888.0,8794.0,7535.0,15688.0,67146.0
2020-08-23,16744.0,12663.0,5930.0,8874.0,7535.0,15688.0,67434.0
2020-08-24,16807.0,12663.0,5942.0,8939.0,7670.0,16151.0,68172.0
2020-08-25,17296.0,13123.0,5965.0,8984.0,7788.0,16306.0,69462.0
2020-08-26,17406.0,13259.0,5999.0,9063.0,7849.0,16306.0,69882.0
2020-08-27,17642.0,13398.0,6053.0,9152.0,7911.0,16607.0,70763.0
2020-08-28,17868.0,13562.0,6068.0,9218.0,7978.0,16814.0,71508.0
2020-08-29,17868.0,13700.0,6118.0,9352.0,8074.0,17013.0,72125.0
2020-08-30,18061.0,13802.0,6143.0,9431.0,8074.0,17013.0,72524.0
2020-08-31,18208.0,13938.0,6164.0,9497.0,8169.0,17349.0,73325.0
2020-09-01,18466.0,14035.0,6205.0,9547.0,8260.0,17465.0,73978.0
2020-09-02,18716.0,14111.0,6231.0,9620.0,8311.0,17802.0,74791.0
2020-09-03,18873.0,14212.0,6285.0,9699.0,8390.0,17993.0,75452.0
2020-09-04,18998.0,14411.0,6297.0,9758.0,8452.0,18190.0,76106.0
2020-09-05,19152.0,14527.0,6310.0,9842.0,8617.0,18423.0,76871.0
2020-09-06,19152.0,14527.0,6339.0,9918.0,8617.0,18611.0,77164.0
2020-09-07,19371.0,14712.0,6355.0,9982.0,8617.0,18717.0,77754.0
2020-09-08,19517.0,14712.0,6367.0,9982.0,8750.0,18717.0,78045.0
2020-09-09,19617.0,14885.0,6378.0,10077.0,8807.0,18854.0,78618.0
2020-09-10,19731.0,14966.0,6407.0,10123.0,8895.0,18854.0,78976.0
2020-09-11,19840.0,15058.0,6429.0,10191.0,8966.0,19143.0,79627.0
2020-09-12,19858.0,15203.0,6450.0,10266.0,9077.0,19417.0,80271.0
2020-09-13,20012.0,15351.0,6464.0,10305.0,9077.0,19549.0,80758.0
2020-09-14,20043.0,15424.0,6470.0,10381.0,9166.0,19613.0,81097.0
2020-09-15,20118.0,15489.0,6477.0,10433.0,9242.0,19683.0,81442.0
2020-09-16,20118.0,15544.0,6505.0,10493.0,9264.0,19760.0,81684.0
2020-09-17,20183.0,15640.0,6521.0,10572.0,9332.0,19891.0,82139.0
2020-09-18,20385.0,15734.0,6554.0,10643.0,9332.0,20129.0,82777.0
2020-09-19,20515.0,15835.0,6576.0,10699.0,9522.0,20252.0,83399.0
2020-09-20,20579.0,15958.0,6591.0,10748.0,9522.0,20410.0,83808.0
2020-09-21,20662.0,16056.0,6613.0,10810.0,9598.0,20511.0,84250.0
2020-09-22,20769.0,16156.0,6620.0,10868.0,9625.0,20587.0,84625.0
2020-09-23,20860.0,16238.0,6642.0,10904.0,9664.0,20648.0,84956.0
2020-09-24,20972.0,16327.0,6672.0,10949.0,9714.0,20756.0,85390.0
2020-09-25,21049.0,16469.0,6694.0,11041.0,9785.0,20882.0,85920.0
2020-09-26,21157.0,16572.0,6716.0,11079.0,9843.0,21030.0,86397.0
2020-09-27,21210.0,16640.0,6730.0,11146.0,9843.0,21153.0,86722.0
2020-09-28,21261.0,16702.0,6727.0,11198.0,9897.0,21241.0,87026.0
2020-09-29,21344.0,16793.0,6733.0,11241.0,9950.0,21294.0,87355.0
2020-09-30,21404.0,16896.0,6742.0,11278.0,9990.0,21379.0,87689.0
2020-10-01,21479.0,16973.0,6751.0,11335.0,10069.0,21457.0,88064.0
2020-10-02,21529.0,17069.0,6764.0,11363.0,10126.0,21605.0,88456.0
2020-10-03,21642.0,17159.0,6775.0,11417.0,10207.0,21734.0,88934.0
2020-10-04,21729.0,17263.0,6783.0,11478.0,10207.0,21840.0,89300.0
2020-10-05,21767.0,17322.0,6798.0,11483.0,10275.0,21926.0,89571.0
2020-10-06,21830.0,17322.0,6823.0,11508.0,10309.0,21978.0,89770.0
2020-10-07,21866.0,17322.0,6831.0,11536.0,10347.0,22056.0,89958.0
2020-10-08,21959.0,17346.0,6857.0,11554.0,10395.0,22154.0,90265.0
2020-10-09,21963.0,17418.0,6874.0,11611.0,10452.0,22312.0,90630.0
2020-10-10,22093.0,17487.0,6877.0,11623.0,10510.0,22419.0,91009.0
2020-10-11,22170.0,17566.0,6902.0,11666.0,10510.0,22555.0,91369.0
2020-10-12,22237.0,17678.0,6920.0,11669.0,10510.0,22644.0,91658.0
2020-10-13,22300.0,17728.0,6934.0,11694.0,10601.0,22741.0,91998.0
2020-10-14,22346.0,17783.0,6940.0,11715.0,10622.0,22801.0,92207.0
2020-10-15,22391.0,17820.0,6966.0,11786.0,10655.0,22859.0,92477.0
2020-10-16,22429.0,17893.0,6982.0,11811.0,10687.0,22974.0,92776.0
2020-10-17,22480.0,17956.0,6982.0,11843.0,10743.0,23052.0,93056.0
2020-10-18,22657.0,18005.0,7019.0,11880.0,10743.0,23224.0,93528.0
2020-10-19,22759.0,18120.0,7030.0,11904.0,10810.0,23355.0,93978.0
2020-10-20,22828.0,18173.0,7036.0,11940.0,10889.0,23458.0,94324.0
2020-10-21,22953.0,18246.0,7038.0,12016.0,10918.0,23591.0,94762.0
2020-10-22,23022.0,18299.0,7045.0,12003.0,10961.0,23679.0,95009.0
2020-10-23,23154.0,18393.0,7057.0,12035.0,11002.0,23881.0,95522.0
2020-10-24,23236.0,18483.0,7075.0,12072.0,11075.0,24014.0,95955.0
2020-10-25,23333.0,18567.0,7090.0,12106.0,11075.0,24144.0,96315.0
2020-10-26,23412.0,18640.0,7097.0,12155.0,11149.0,24313.0,96766.0
2020-10-27,23492.0,18718.0,7099.0,12192.0,11198.0,24425.0,97124.0
2020-10-28,23597.0,18766.0,7107.0,12244.0,11232.0,24558.0,97504.0
2020-10-29,23657.0,18828.0,7121.0,12280.0,11278.0,24665.0,97829.0
2020-10-30,23796.0,18933.0,7131.0,12323.0,11341.0,24867.0,98391.0
2020-10-31,23897.0,19074.0,7145.0,12402.0,11371.0,24986.0,98875.0
2020-11-01,24015.0,19161.0,7155.0,12457.0,11371.0,25139.0,99298.0
2020-11-02,24116.0,19246.0,7167.0,12511.0,11451.0,25277.0,99768.0
2020-11-03,24183.0,19339.0,7181.0,12557.0,11479.0,25421.0,100160.0
2020-11-04,24254.0,19416.0,7197.0,12602.0,11564.0,25543.0,100576.0
2020-11-05,24391.0,19472.0,7205.0,12669.0,11629.0,25705.0,101071.0
2020-11-06,24439.0,19656.0,7233.0,12756.0,11710.0,25883.0,101677.0
2020-11-07,24685.0,19744.0,7241.0,12863.0,11810.0,26137.0,102480.0
2020-11-08,24872.0,19899.0,7254.0,12983.0,11810.0,26490.0,103308.0
2020-11-09,25022.0,20031.0,7270.0,13084.0,11937.0,26747.0,104091.0
2020-11-10,25131.0,20193.0,7284.0,13142.0,12049.0,26972.0,104771.0
2020-11-11,25270.0,20326.0,7294.0,13213.0,12127.0,27124.0,105354.0
2020-11-12,25421.0,20452.0,7325.0,13311.0,12127.0,27299.0,105935.0
2020-11-13,25620.0,20619.0,7344.0,13407.0,12332.0,27648.0,106970.0
2020-11-14,25781.0,20799.0,7358.0,13519.0,12465.0,27977.0,107899.0
2020-11-15,25893.0,20975.0,7378.0,13668.0,12465.0,28307.0,108686.0
2020-11-16,26068.0,21458.0,7409.0,13760.0,12565.0,28686.0,109946.0
2020-11-17,26481.0,21630.0,7448.0,13850.0,12684.0,29023.0,111116.0
2020-11-18,26676.0,21758.0,7467.0,13955.0,12780.0,29297.0,111933.0
2020-11-19,26948.0,21959.0,7489.0,14060.0,12878.0,29631.0,112965.0
2020-11-20,27244.0,22191.0,7506.0,14254.0,12988.0,30025.0,114208.0
2020-11-21,27456.0,22412.0,7518.0,14330.0,13203.0,30411.0,115330.0
2020-11-22,27506.0,22482.0,7560.0,14448.0,13203.0,30676.0,115875.0
2020-11-23,27643.0,22747.0,7596.0,14545.0,13334.0,31103.0,116968.0
2020-11-24,27878.0,23146.0,7622.0,14665.0,13561.0,31603.0,118475.0
2020-11-25,28246.0,23381.0,7629.0,14877.0,13707.0,32049.0,119889.0
2020-11-26,28399.0,23571.0,7670.0,15056.0,13707.0,32454.0,120857.0
2020-11-27,28878.0,23571.0,7702.0,15159.0,13715.0,32985.0,122010.0
2020-11-28,29137.0,23895.0,7753.0,15380.0,14148.0,33732.0,124045.0
2020-11-29,29497.0,24275.0,7775.0,15453.0,14148.0,34292.0,125440.0
2020-11-30,29939.0,24475.0,7808.0,15574.0,14458.0,35085.0,127339.0
2020-12-01,29993.0,24914.0,7840.0,15642.0,14614.0,35457.0,128460.0
2020-12-02,30351.0,25264.0,7873.0,15800.0,14812.0,35945.0,130045.0
2020-12-03,31001.0,25588.0,7895.0,16061.0,15040.0,36673.0,132258.0
2020-12-04,31225.0,25768.0,7966.0,16239.0,15217.0,37517.0,133932.0
2020-12-05,31892.0,26355.0,8020.0,16502.0,15468.0,38388.0,136625.0
2020-12-06,32802.0,26703.0,8067.0,16789.0,15512.0,39193.0,139066.0
2020-12-07,33498.0,27455.0,8105.0,17110.0,16101.0,40624.0,142893.0
2020-12-08,33908.0,28088.0,8195.0,17223.0,16371.0,41316.0,145101.0
2020-12-09,34394.0,28391.0,8252.0,17387.0,16666.0,43001.0,148091.0
2020-12-10,35068.0,28487.0,8314.0,17631.0,16884.0,44039.0,150423.0
2020-12-11,35707.0,29124.0,8362.0,17948.0,17176.0,45178.0,153495.0
2020-12-12,36302.0,29599.0,8411.0,18249.0,17724.0,45986.0,156271.0
2020-12-13,37048.0,29760.0,8491.0,18416.0,17724.0,48015.0,159454.0
2020-12-14,38239.0,30685.0,8538.0,18689.0,18584.0,49216.0,163951.0
2020-12-15,39273.0,31516.0,8616.0,18907.0,18875.0,50315.0,167502.0
2020-12-16,40047.0,32526.0,8752.0,19286.0,19330.0,51233.0,171174.0
2020-12-17,40772.0,33072.0,8803.0,19627.0,19645.0,52414.0,174333.0
2020-12-18,41569.0,33713.0,8851.0,19942.0,20089.0,53885.0,178049.0
2020-12-19,42217.0,34216.0,8902.0,20318.0,20479.0,54905.0,181037.0
2020-12-20,43130.0,34918.0,9020.0,20646.0,20479.0,56334.0,184527.0
2020-12-21,44025.0,35322.0,9132.0,20940.0,21160.0,57452.0,188031.0
2020-12-22,44777.0,35788.0,9205.0,21089.0,21558.0,58637.0,191054.0
2020-12-23,45772.0,36313.0,9306.0,21235.0,21913.0,59923.0,194462.0
2020-12-24,46774.0,36752.0,9360.0,21501.0,22241.0,61090.0,197718.0
2020-12-25,47548.0,37610.0,9449.0,21833.0,22241.0,61742.0,200423.0
2020-12-26,48386.0,38138.0,9505.0,22133.0,22568.0,63302.0,204032.0
2020-12-27,49105.0,38558.0,9569.0,22322.0,22908.0,64974.0,207436.0
2020-12-28,49817.0,39029.0,9616.0,22517.0,23681.0,66270.0,210930.0
2020-12-29,50426.0,39391.0,9663.0,22729.0,23916.0,67423.0,213548.0
2020-12-30,50967.0,39736.0,9730.0,22999.0,24246.0,67581.0,215259.0
2020-12-31,51611.0,40697.0,9800.0,23227.0,24589.0,69879.0,219803.0
2021-01-01,52496.0,41599.0,9902.0,23743.0,24589.0,71755.0,224084.0
2021-01-02,53539.0,41603.0,10024.0,24148.0,25041.0,73493.0,227848.0
2021-01-03,54539.0,42628.0,10121.0,24417.0,25483.0,74359.0,231547.0
2021-01-04,55094.0,42632.0,10121.0,24591.0,25767.0,74527.0,232732.0
2021-01-05,55920.0,43223.0,10286.0,24756.0,26150.0,76235.0,236570.0
2021-01-06,56453.0,44274.0,10346.0,24992.0,26497.0,77366.0,239928.0
2021-01-07,57102.0,44967.0,10468.0,25427.0,27050.0,78683.0,243697.0
2021-01-08,57942.0,45874.0,10588.0,25888.0,27494.0,80466.0,248252.0
2021-01-09,59193.0,46618.0,10696.0,26381.0,28072.0,82170.0,253130.0
2021-01-10,60146.0,47315.0,10810.0,26711.0,28512.0,83655.0,257149.0
2021-01-11,61132.0,47940.0,10928.0,27057.0,28972.0,84726.0,260755.0
2021-01-12,62067.0,48449.0,11042.0,27267.0,29355.0,85929.0,264109.0
2021-01-13,62964.0,49082.0,11126.0,27534.0,29747.0,87045.0,267498.0
2021-01-14,63887.0,49759.0,11214.0,27866.0,30196.0,88379.0,271301.0
2021-01-15,64781.0,50627.0,11214.0,28203.0,30694.0,89983.0,275502.0
2021-01-16,65700.0,51573.0,11463.0,28577.0,31291.0,91466.0,280070.0
2021-01-17,66604.0,52146.0,11569.0,28856.0,31805.0,92625.0,283605.0
2021-01-18,67396.0,52547.0,11627.0,29142.0,32186.0,93557.0,286455.0
2021-01-19,67973.0,52965.0,11691.0,29324.0,32596.0,94366.0,288915.0
2021-01-20,68670.0,53349.0,11726.0,29505.0,32887.0,94905.0,291042.0
2021-01-21,69128.0,53844.0,11808.0,29668.0,33207.0,95936.0,293591.0
2021-01-22,69575.0,54140.0,11899.0,29804.0,33468.0,96340.0,295226.0
2021-01-23,69714.0,54416.0,11933.0,30030.0,33731.0,96435.0,296259.0
2021-01-24,70355.0,54951.0,11953.0,30311.0,33731.0,98057.0,299358.0
2021-01-25,70844.0,55245.0,12012.0,30562.0,34294.0,98583.0,301540.0
2021-01-26,71319.0,55593.0,12064.0,30737.0,34510.0,99174.0,303397.0
2021-01-27,72045.0,55835.0,12113.0,30877.0,34738.0,99702.0,305310.0
2021-01-28,72618.0,56252.0,12155.0,31085.0,34958.0,100468.0,307536.0
2021-01-29,73136.0,56575.0,12223.0,31196.0,35235.0,100997.0,309362.0
2021-01-30,73563.0,57021.0,12282.0,31297.0,35466.0,101453.0,311082.0
2021-01-31,73792.0,57337.0,12344.0,31430.0,35466.0,101964.0,312333.0
2021-02-01,74108.0,57580.0,12297.0,31566.0,35882.0,102427.0,313860.0
2021-02-02,74682.0,57812.0,12341.0,31706.0,36052.0,102836.0,315429.0
2021-02-03,74980.0,58021.0,12367.0,31791.0,36214.0,103236.0,316609.0
2021-02-04,75196.0,58248.0,12406.0,31986.0,36451.0,103748.0,318035.0
2021-02-05,75443.0,58462.0,12431.0,32119.0,36599.0,104076.0,319130.0
2021-02-06,75758.0,58839.0,12479.0,32232.0,36689.0,104609.0,320606.0
2021-02-07,76191.0,59107.0,12531.0,32440.0,36824.0,105094.0,322187.0
2021-02-08,76669.0,59313.0,12571.0,32612.0,37058.0,105386.0,323609.0
2021-02-09,77130.0,59585.0,12591.0,32682.0,37139.0,105740.0,324867.0
2021-02-10,77237.0,59751.0,12623.0,32785.0,37277.0,106023.0,325696.0
2021-02-11,77653.0,59895.0,12651.0,32958.0,37437.0,106372.0,326966.0
2021-02-12,77947.0,60142.0,12682.0,33079.0,37548.0,106749.0,328147.0
2021-02-13,78306.0,60365.0,12720.0,33182.0,37621.0,107110.0,329304.0
2021-02-14,78377.0,60537.0,12757.0,33294.0,37745.0,107397.0,330107.0
2021-02-15,78735.0,60710.0,12784.0,33377.0,37859.0,107619.0,331084.0
2021-02-16,78904.0,60834.0,12810.0,33457.0,37969.0,107769.0,331743.0
2021-02-17,79037.0,60996.0,12832.0,33494.0,38041.0,107980.0,332380.0
2021-02-18,79113.0,61134.0,12881.0,33561.0,38124.0,108255.0,333068.0
2021-02-19,79318.0,61284.0,12895.0,33653.0,38229.0,108462.0,333841.0
2021-02-20,79492.0,61469.0,12919.0,33749.0,38256.0,108800.0,334685.0
2021-02-21,79560.0,61628.0,12945.0,33823.0,38371.0,109054.0,335381.0
2021-02-22,79670.0,61744.0,12968.0,33894.0,38448.0,109276.0,336000.0
2021-02-23,79817.0,61865.0,12991.0,33950.0,38552.0,109506.0,336681.0
2021-02-24,79969.0,62028.0,13015.0,33997.0,38662.0,109506.0,337177.0
2021-02-25,80109.0,62164.0,13044.0,34064.0,38763.0,109841.0,337985.0
2021-02-26,80300.0,62367.0,13067.0,34141.0,38872.0,110237.0,338984.0
2021-02-27,80517.0,62507.0,13091.0,34216.0,38922.0,110422.0,339675.0
2021-02-28,80689.0,62645.0,13134.0,34263.0,38998.0,110621.0,340350.0
2021-03-01,80798.0,62720.0,13152.0,34294.0,39059.0,110755.0,340778.0
2021-03-02,80894.0,62818.0,13161.0,34321.0,39096.0,110911.0,341201.0
2021-03-03,80971.0,62931.0,13186.0,34390.0,39148.0,111076.0,341702.0
2021-03-04,81107.0,63053.0,13216.0,34446.0,39189.0,111281.0,342292.0
2021-03-05,81189.0,63142.0,13240.0,34483.0,39225.0,111460.0,342739.0
2021-03-06,81276.0,63297.0,13275.0,34529.0,39305.0,111638.0,343320.0
2021-03-07,81366.0,63400.0,13289.0,34563.0,39384.0,111814.0,343816.0
2021-03-08,81454.0,63493.0,13313.0,34597.0,39436.0,111952.0,344245.0
2021-03-09,81594.0,63567.0,13328.0,34637.0,39492.0,112036.0,344654.0
2021-03-10,81679.0,63626.0,13335.0,34657.0,39535.0,112174.0,345006.0
2021-03-11,81768.0,63712.0,13348.0,34691.0,39571.0,112325.0,345415.0
2021-03-12,81887.0,63830.0,13356.0,34725.0,39590.0,112470.0,345858.0
2021-03-13,81990.0,63830.0,13375.0,34761.0,39638.0,112602.0,346196.0
2021-03-14,82055.0,64056.0,13391.0,34787.0,39689.0,112712.0,346690.0
2021-03-15,82137.0,64096.0,13405.0,34813.0,39744.0,112794.0,346989.0
2021-03-16,82189.0,64203.0,13408.0,34823.0,39765.0,112909.0,347297.0
2021-03-17,82280.0,64280.0,13419.0,34836.0,39806.0,113044.0,347665.0
2021-03-18,82389.0,64358.0,13428.0,34876.0,39838.0,113173.0,348062.0
2021-03-19,82481.0,64454.0,13435.0,34907.0,39874.0,113292.0,348443.0
2021-03-20,82561.0,64573.0,13441.0,34939.0,39893.0,113446.0,348853.0
2021-03-21,82635.0,64642.0,13470.0,34971.0,39958.0,113552.0,349228.0
2021-03-22,82705.0,64695.0,13495.0,35015.0,39988.0,113641.0,349539.0
2021-03-23,82769.0,64752.0,13501.0,35043.0,40024.0,113700.0,349789.0
2021-03-24,82839.0,64801.0,13514.0,35074.0,40032.0,113814.0,350074.0
2021-03-25,82892.0,64869.0,13526.0,35106.0,40083.0,113929.0,350405.0
2021-03-26,82966.0,64961.0,13538.0,35157.0,40147.0,114015.0,350784.0
2021-03-27,83064.0,65065.0,13553.0,35189.0,40199.0,114183.0,351253.0
2021-03-28,83190.0,65140.0,13579.0,35247.0,40264.0,114294.0,351714.0
2021-03-29,83264.0,65230.0,13594.0,35289.0,40305.0,114398.0,352080.0
2021-03-30,83359.0,65303.0,13600.0,35294.0,40357.0,114482.0,352395.0
2021-03-31,83416.0,65370.0,13611.0,35328.0,40385.0,114570.0,352680.0
2021-04-01,83496.0,65435.0,13624.0,35350.0,40424.0,114683.0,353012.0
2021-04-02,83595.0,65559.0,13635.0,35389.0,40462.0,114852.0,353492.0
2021-04-03,83797.0,65598.0,13649.0,35454.0,40542.0,114947.0,353987.0
2021-04-04,83882.0,65668.0,13658.0,35491.0,40560.0,115057.0,354316.0
2021-04-05,83972.0,65718.0,13663.0,35528.0,40595.0,115171.0,354647.0
2021-04-06,84028.0,65835.0,13666.0,35541.0,40618.0,115266.0,354954.0
2021-04-07,84112.0,65882.0,13675.0,35575.0,40649.0,115396.0,355289.0
2021-04-08,84151.0,65967.0,13688.0,35621.0,40708.0,115569.0,355704.0
2021-04-09,84234.0,66118.0,13704.0,35660.0,40754.0,115825.0,356295.0
2021-04-10,84469.0,66262.0,13721.0,35719.0,40800.0,116084.0,357055.0
2021-04-11,84647.0,66369.0,13731.0,35777.0,40878.0,116228.0,357630.0
2021-04-12,84777.0,66442.0,13741.0,35818.0,40901.0,116324.0,358003.0
2021-04-13,84838.0,66567.0,13751.0,35844.0,40920.0,116436.0,358356.0
2021-04-14,84942.0,66666.0,13760.0,35872.0,40955.0,116562.0,358757.0
2021-04-15,85030.0,66750.0,13768.0,35901.0,41015.0,116678.0,359142.0
2021-04-16,85110.0,66839.0,13783.0,35950.0,41050.0,116772.0,359504.0
2021-04-17,85277.0,66927.0,13788.0,35996.0,41107.0,116971.0,360066.0
2021-04-18,85388.0,67019.0,13797.0,36035.0,41157.0,117081.0,360477.0
2021-04-19,85502.0,67101.0,13801.0,36076.0,41201.0,117186.0,360867.0
2021-04-20,85604.0,67157.0,13804.0,36097.0,41226.0,117317.0,361205.0
2021-04-21,85673.0,67223.0,13807.0,36120.0,41251.0,117317.0,361391.0
2021-04-22,85783.0,67300.0,13822.0,36197.0,41318.0,117538.0,361958.0
2021-04-23,85850.0,67435.0,13832.0,36221.0,41345.0,117678.0,362361.0
2021-04-24,85956.0,67492.0,13838.0,36255.0,41386.0,117755.0,362682.0
2021-04-25,86037.0,67587.0,13847.0,36288.0,41424.0,117860.0,363043.0
2021-04-26,86183.0,67670.0,13852.0,36313.0,41465.0,117965.0,363448.0
2021-04-27,86251.0,67746.0,13849.0,36333.0,41457.0,118036.0,363672.0
2021-04-28,86322.0,67816.0,13855.0,36361.0,41474.0,118094.0,363922.0
2021-04-29,86411.0,67880.0,13866.0,36385.0,41498.0,118181.0,364221.0
