date,Clark,King,Kitsap,Pierce,Snohomish,Spokane,Thurston,Yakima
2020-03-26,48.0,1579.0,33.0,186.0,778.0,67.0,24.0,61.0
2020-03-27,76.0,1830.0,42.0,231.0,913.0,86.0,27.0,72.0
2020-03-28,82.0,2079.0,49.0,282.0,912.0,108.0,33.0,100.0
2020-03-29,90.0,2163.0,56.0,318.0,1067.0,140.0,36.0,147.0
2020-03-30,110.0,2332.0,63.0,353.0,1126.0,140.0,43.0,147.0
2020-03-31,116.0,2332.0,63.0,353.0,1228.0,140.0,48.0,147.0
2020-04-01,130.0,2498.0,74.0,424.0,1304.0,145.0,51.0,200.0
2020-04-02,131.0,2658.0,85.0,499.0,1375.0,186.0,55.0,216.0
2020-04-03,137.0,2789.0,95.0,578.0,1449.0,194.0,58.0,289.0
2020-04-04,137.0,2900.0,95.0,627.0,1502.0,209.0,64.0,289.0
2020-04-05,145.0,3169.0,102.0,695.0,1558.0,219.0,67.0,363.0
2020-04-06,168.0,3333.0,111.0,724.0,1602.0,226.0,72.0,380.0
2020-04-07,185.0,3488.0,119.0,767.0,1658.0,231.0,74.0,400.0
2020-04-08,190.0,3690.0,119.0,802.0,1694.0,231.0,77.0,400.0
2020-04-09,194.0,3888.0,123.0,845.0,1701.0,246.0,81.0,447.0
2020-04-10,220.0,4119.0,128.0,882.0,1801.0,255.0,81.0,447.0
2020-04-11,220.0,4264.0,132.0,931.0,1834.0,255.0,81.0,535.0
2020-04-12,220.0,4428.0,132.0,940.0,1866.0,278.0,81.0,535.0
2020-04-13,239.0,4551.0,132.0,984.0,1907.0,280.0,81.0,573.0
2020-04-14,250.0,4622.0,132.0,1023.0,1949.0,282.0,82.0,635.0
2020-04-15,258.0,4699.0,132.0,1051.0,1987.0,290.0,82.0,674.0
2020-04-16,265.0,4811.0,132.0,1092.0,2031.0,297.0,86.0,707.0
2020-04-17,277.0,4904.0,135.0,1126.0,2055.0,302.0,89.0,759.0
2020-04-18,277.0,5065.0,136.0,1197.0,2092.0,306.0,93.0,759.0
2020-04-19,277.0,5174.0,138.0,1229.0,2142.0,311.0,94.0,771.0
2020-04-20,296.0,5295.0,139.0,1258.0,2162.0,317.0,94.0,868.0
2020-04-21,306.0,5381.0,140.0,1290.0,2162.0,319.0,94.0,868.0
2020-04-22,313.0,5451.0,140.0,1315.0,2208.0,321.0,95.0,868.0
2020-04-23,321.0,5571.0,144.0,1343.0,2239.0,326.0,96.0,952.0
2020-04-24,321.0,5691.0,144.0,1370.0,2267.0,330.0,98.0,952.0
2020-04-25,327.0,5813.0,146.0,1394.0,2297.0,345.0,101.0,1066.0
2020-04-26,327.0,5914.0,146.0,1408.0,2311.0,351.0,100.0,1085.0
2020-04-27,339.0,5992.0,148.0,1449.0,2355.0,353.0,100.0,1085.0
2020-04-28,343.0,6056.0,148.0,1494.0,2370.0,354.0,100.0,1135.0
2020-04-29,351.0,6184.0,148.0,1519.0,2416.0,357.0,104.0,1197.0
2020-04-30,359.0,6310.0,151.0,1554.0,2446.0,366.0,105.0,1237.0
2020-05-01,361.0,6409.0,152.0,1587.0,2466.0,371.0,110.0,1293.0
2020-05-02,361.0,6507.0,152.0,1620.0,2492.0,371.0,111.0,1293.0
2020-05-03,361.0,6620.0,152.0,1640.0,2737.0,373.0,111.0,1411.0
2020-05-04,367.0,6584.0,152.0,1673.0,2784.0,378.0,113.0,1411.0
2020-05-05,368.0,6655.0,152.0,1711.0,2807.0,379.0,113.0,1440.0
2020-05-06,372.0,6772.0,152.0,1757.0,2830.0,384.0,116.0,1597.0
2020-05-07,375.0,6865.0,154.0,1801.0,2889.0,386.0,117.0,1658.0
2020-05-08,375.0,6942.0,154.0,1820.0,2917.0,386.0,118.0,1756.0
2020-05-09,375.0,7002.0,155.0,1857.0,2917.0,386.0,120.0,1756.0
2020-05-10,375.0,7048.0,155.0,1883.0,2932.0,386.0,123.0,1781.0
2020-05-11,386.0,7117.0,156.0,1907.0,2970.0,390.0,123.0,1966.0
2020-05-12,393.0,7181.0,156.0,1927.0,2998.0,390.0,124.0,2025.0
2020-05-13,395.0,7223.0,157.0,1941.0,3009.0,390.0,124.0,2025.0
2020-05-14,399.0,7309.0,157.0,1966.0,3048.0,398.0,125.0,2186.0
2020-05-15,401.0,7362.0,157.0,1990.0,3065.0,400.0,126.0,2308.0
2020-05-16,401.0,7442.0,159.0,2020.0,3071.0,400.0,127.0,2349.0
2020-05-17,401.0,7482.0,159.0,2034.0,3082.0,404.0,127.0,2443.0
2020-05-18,406.0,7531.0,160.0,2043.0,3125.0,412.0,127.0,2517.0
2020-05-19,412.0,7584.0,161.0,2069.0,3153.0,416.0,127.0,2598.0
2020-05-20,415.0,7619.0,161.0,2082.0,3162.0,423.0,127.0,2637.0
2020-05-21,419.0,7647.0,161.0,2086.0,3198.0,436.0,127.0,2684.0
2020-05-22,427.0,7699.0,160.0,2098.0,3212.0,454.0,127.0,2775.0
2020-05-23,427.0,7766.0,161.0,2110.0,3212.0,467.0,127.0,2858.0
2020-05-24,427.0,7821.0,161.0,2130.0,3240.0,481.0,131.0,2965.0
2020-05-25,427.0,7881.0,161.0,2140.0,3249.0,498.0,132.0,3066.0
2020-05-26,510.0,7898.0,161.0,2143.0,3297.0,507.0,132.0,3123.0
2020-05-27,533.0,7933.0,161.0,2159.0,3318.0,530.0,135.0,3252.0
2020-05-28,548.0,7988.0,161.0,2179.0,3323.0,544.0,135.0,3380.0
2020-05-29,551.0,8008.0,161.0,2191.0,3341.0,574.0,136.0,3502.0
2020-05-30,551.0,8056.0,161.0,2205.0,3341.0,586.0,148.0,3615.0
2020-05-31,551.0,8161.0,161.0,2224.0,3349.0,600.0,154.0,3615.0
2020-06-01,558.0,8194.0,162.0,2232.0,3379.0,606.0,155.0,3891.0
2020-06-02,560.0,8237.0,162.0,2245.0,3412.0,619.0,157.0,4057.0
2020-06-03,566.0,8279.0,163.0,2270.0,3427.0,633.0,157.0,4057.0
2020-06-04,569.0,8335.0,163.0,2286.0,3442.0,652.0,160.0,4103.0
2020-06-05,571.0,8398.0,164.0,2303.0,3471.0,711.0,165.0,4392.0
2020-06-06,571.0,8419.0,165.0,2323.0,3472.0,717.0,170.0,4539.0
2020-06-07,571.0,8467.0,165.0,2332.0,3471.0,740.0,170.0,4714.0
2020-06-08,603.0,8509.0,165.0,2345.0,3504.0,767.0,173.0,4929.0
2020-06-09,605.0,8538.0,170.0,2357.0,3524.0,778.0,174.0,5009.0
2020-06-10,607.0,8561.0,172.0,2364.0,3532.0,792.0,179.0,5009.0
2020-06-11,622.0,8586.0,172.0,2369.0,3541.0,796.0,179.0,5092.0
2020-06-12,630.0,8646.0,173.0,2383.0,3566.0,806.0,187.0,5259.0
2020-06-13,630.0,8702.0,176.0,2404.0,3566.0,808.0,192.0,5504.0
2020-06-14,630.0,8753.0,176.0,2423.0,3566.0,824.0,193.0,5611.0
2020-06-15,647.0,8799.0,178.0,2435.0,3595.0,846.0,197.0,5727.0
2020-06-16,656.0,8857.0,178.0,2458.0,3614.0,864.0,198.0,5830.0
2020-06-17,659.0,8895.0,180.0,2478.0,3641.0,881.0,201.0,5939.0
2020-06-18,671.0,8989.0,182.0,2504.0,3656.0,897.0,205.0,6062.0
2020-06-19,685.0,9098.0,185.0,2532.0,3678.0,940.0,210.0,6062.0
2020-06-20,685.0,9167.0,189.0,2532.0,3678.0,958.0,214.0,6359.0
2020-06-21,685.0,9236.0,190.0,2591.0,3678.0,978.0,219.0,6476.0
2020-06-22,703.0,9275.0,191.0,2600.0,3747.0,1002.0,219.0,6596.0
2020-06-23,719.0,9371.0,195.0,2625.0,3813.0,1055.0,221.0,6596.0
2020-06-24,732.0,9504.0,198.0,2672.0,3833.0,1085.0,226.0,6736.0
2020-06-25,741.0,9614.0,200.0,2709.0,3862.0,1126.0,229.0,6940.0
2020-06-26,758.0,9697.0,205.0,2739.0,3893.0,1171.0,232.0,7040.0
2020-06-27,758.0,9821.0,211.0,2797.0,3893.0,1183.0,238.0,7170.0
2020-06-28,758.0,9903.0,213.0,2820.0,3903.0,1197.0,244.0,7241.0
2020-06-29,826.0,10071.0,212.0,2841.0,3996.0,1306.0,251.0,7316.0
2020-06-30,843.0,10198.0,221.0,2887.0,4018.0,1385.0,263.0,7385.0
2020-07-01,883.0,10358.0,225.0,2928.0,4063.0,1420.0,273.0,7476.0
2020-07-02,901.0,10598.0,230.0,2984.0,4112.0,1489.0,282.0,7556.0
2020-07-03,901.0,10721.0,239.0,3048.0,4112.0,1533.0,288.0,7667.0
2020-07-04,920.0,10786.0,241.0,3097.0,4143.0,1555.0,292.0,7742.0
2020-07-05,922.0,11016.0,243.0,3149.0,4178.0,1606.0,298.0,7855.0
2020-07-06,1008.0,11142.0,248.0,3212.0,4273.0,1741.0,303.0,7935.0
2020-07-07,1053.0,11208.0,251.0,3242.0,4318.0,1792.0,312.0,8018.0
2020-07-08,1090.0,11321.0,261.0,3304.0,4339.0,1850.0,317.0,8138.0
2020-07-09,1128.0,11488.0,269.0,3366.0,4386.0,1902.0,321.0,8242.0
2020-07-10,1166.0,11634.0,277.0,3423.0,4438.0,1946.0,346.0,8344.0
2020-07-11,1166.0,11773.0,277.0,3504.0,4438.0,1946.0,355.0,8344.0
2020-07-12,1166.0,11947.0,291.0,3574.0,4438.0,2067.0,378.0,8578.0
2020-07-13,1272.0,12101.0,306.0,3634.0,4613.0,2183.0,397.0,8676.0
2020-07-14,1319.0,12246.0,312.0,3700.0,4649.0,2259.0,412.0,8763.0
2020-07-15,1344.0,12355.0,316.0,3775.0,4684.0,2356.0,430.0,8831.0
2020-07-16,1390.0,12594.0,338.0,3885.0,4784.0,2447.0,437.0,9202.0
2020-07-17,1434.0,12809.0,353.0,3978.0,4849.0,2577.0,455.0,9275.0
2020-07-18,1434.0,12993.0,362.0,4096.0,4849.0,2577.0,472.0,9431.0
2020-07-19,1434.0,13161.0,389.0,4194.0,4849.0,2667.0,485.0,9545.0
2020-07-20,1526.0,13341.0,399.0,4272.0,5024.0,2813.0,495.0,9610.0
2020-07-21,1566.0,13488.0,407.0,4377.0,5083.0,2894.0,504.0,9693.0
2020-07-22,1577.0,13661.0,423.0,4471.0,5118.0,2965.0,519.0,9755.0
2020-07-23,1605.0,13837.0,442.0,4585.0,5179.0,3078.0,531.0,9855.0
2020-07-24,1634.0,14066.0,474.0,4695.0,5280.0,3197.0,546.0,9958.0
2020-07-25,1634.0,14274.0,495.0,4790.0,5280.0,3197.0,567.0,9958.0
2020-07-26,1634.0,14452.0,521.0,4790.0,5280.0,3276.0,579.0,9958.0
2020-07-27,1682.0,14638.0,543.0,4790.0,5451.0,3435.0,595.0,10208.0
2020-07-28,1719.0,14748.0,565.0,5061.0,5525.0,3514.0,610.0,10268.0
2020-07-29,1729.0,14898.0,576.0,5148.0,5590.0,3518.0,629.0,10338.0
2020-07-30,1758.0,15058.0,599.0,5252.0,5664.0,3620.0,641.0,10381.0
2020-07-31,1780.0,15216.0,599.0,5344.0,5741.0,3620.0,650.0,10449.0
2020-08-01,1780.0,15418.0,634.0,5452.0,5741.0,3813.0,675.0,10516.0
2020-08-02,1780.0,15529.0,646.0,5527.0,5741.0,3870.0,678.0,10557.0
2020-08-03,1887.0,15653.0,659.0,5620.0,5896.0,3916.0,680.0,10599.0
2020-08-04,1948.0,15798.0,675.0,5747.0,5957.0,4012.0,700.0,10671.0
2020-08-05,1993.0,15965.0,675.0,5851.0,6033.0,4012.0,709.0,10700.0
2020-08-06,1994.0,16157.0,675.0,5988.0,6074.0,4012.0,744.0,10755.0
2020-08-07,2020.0,16291.0,708.0,6073.0,6112.0,4199.0,749.0,10787.0
2020-08-08,2020.0,16491.0,708.0,6149.0,6112.0,4199.0,763.0,10865.0
2020-08-09,2020.0,16620.0,731.0,6244.0,6112.0,4422.0,777.0,10935.0
2020-08-10,2112.0,16768.0,747.0,6310.0,6245.0,4511.0,790.0,10954.0
2020-08-11,2123.0,16849.0,747.0,6387.0,6329.0,4511.0,803.0,10995.0
2020-08-12,2162.0,16998.0,747.0,6438.0,6364.0,4674.0,810.0,11035.0
2020-08-13,2183.0,17223.0,779.0,6523.0,6422.0,4674.0,824.0,11125.0
2020-08-14,2221.0,17359.0,779.0,6614.0,6472.0,4674.0,837.0,11172.0
2020-08-15,2221.0,17533.0,794.0,6679.0,6472.0,4730.0,843.0,11226.0
2020-08-16,2221.0,17662.0,807.0,6735.0,6472.0,4798.0,853.0,11252.0
2020-08-17,2301.0,17843.0,813.0,6776.0,6561.0,4813.0,862.0,11279.0
2020-08-18,2327.0,18008.0,827.0,6831.0,6599.0,4843.0,869.0,11303.0
2020-08-19,2332.0,18149.0,854.0,6922.0,6668.0,4860.0,884.0,11346.0
2020-08-20,2380.0,18332.0,870.0,6998.0,6714.0,4915.0,900.0,11392.0
2020-08-21,2387.0,18437.0,894.0,7062.0,6752.0,4949.0,909.0,11422.0
2020-08-22,2387.0,18589.0,913.0,7130.0,6752.0,4989.0,918.0,11459.0
2020-08-23,2387.0,18697.0,930.0,7197.0,6752.0,5018.0,924.0,11476.0
2020-08-24,2437.0,18843.0,938.0,7222.0,6833.0,5051.0,937.0,11490.0
2020-08-25,2457.0,18896.0,939.0,7265.0,6858.0,5080.0,946.0,11503.0
2020-08-26,2480.0,19068.0,950.0,7308.0,6911.0,5124.0,953.0,11530.0
2020-08-27,2504.0,19196.0,963.0,7359.0,6960.0,5165.0,963.0,11576.0
2020-08-28,2536.0,19380.0,972.0,7374.0,7005.0,5215.0,980.0,11610.0
2020-08-29,2536.0,19499.0,980.0,7430.0,7005.0,5265.0,986.0,11647.0
2020-08-30,2536.0,19573.0,989.0,7468.0,7005.0,5293.0,993.0,11650.0
2020-08-31,2612.0,19684.0,1000.0,7500.0,7085.0,5364.0,1002.0,11672.0
2020-09-01,2633.0,19730.0,1007.0,7556.0,7113.0,5396.0,1007.0,11689.0
2020-09-02,2651.0,19838.0,1018.0,7598.0,7146.0,5457.0,1016.0,11718.0
2020-09-03,2690.0,19934.0,1024.0,7667.0,7173.0,5492.0,1030.0,11735.0
2020-09-04,2717.0,20092.0,1032.0,7743.0,7204.0,5533.0,1034.0,11775.0
2020-09-05,2717.0,20184.0,1032.0,7786.0,7204.0,5533.0,1036.0,11808.0
2020-09-06,2717.0,20283.0,1049.0,7835.0,7204.0,5542.0,1043.0,11820.0
2020-09-07,2717.0,20339.0,1049.0,7874.0,7204.0,5542.0,1056.0,11820.0
2020-09-08,2799.0,20345.0,1053.0,7901.0,7304.0,5659.0,1060.0,11856.0
2020-09-09,2820.0,20459.0,1069.0,7936.0,7327.0,5687.0,1069.0,11880.0
2020-09-10,2855.0,20585.0,1077.0,7997.0,7363.0,5764.0,1079.0,11901.0
2020-09-11,2895.0,20718.0,1087.0,8037.0,7385.0,5764.0,1087.0,11920.0
2020-09-12,2895.0,20819.0,1100.0,8070.0,7385.0,5818.0,1094.0,11937.0
2020-09-13,2895.0,20887.0,1106.0,8122.0,7385.0,5831.0,1094.0,11945.0
2020-09-14,2971.0,20950.0,1105.0,8152.0,7510.0,5947.0,1096.0,11977.0
2020-09-15,3005.0,21032.0,1108.0,8183.0,7528.0,5985.0,1098.0,11995.0
2020-09-16,3028.0,21177.0,1112.0,8229.0,7555.0,6047.0,1108.0,12027.0
2020-09-17,3058.0,21215.0,1126.0,8257.0,7588.0,6120.0,1113.0,12052.0
2020-09-18,3077.0,21323.0,1132.0,8310.0,7616.0,6190.0,1122.0,12078.0
2020-09-19,3077.0,21418.0,1138.0,8362.0,7616.0,6190.0,1129.0,12109.0
2020-09-20,3077.0,21478.0,1142.0,8421.0,7616.0,6228.0,1135.0,12109.0
2020-09-21,3172.0,21552.0,1142.0,8478.0,7673.0,6418.0,1141.0,12135.0
2020-09-22,3208.0,21609.0,1149.0,8521.0,7697.0,6467.0,1144.0,12148.0
2020-09-23,3242.0,21696.0,1153.0,8571.0,7944.0,6589.0,1153.0,12179.0
2020-09-24,3268.0,21822.0,1159.0,8622.0,7955.0,6700.0,1170.0,12204.0
2020-09-25,3300.0,21915.0,1175.0,8677.0,8016.0,6808.0,1179.0,12216.0
2020-09-26,3300.0,22019.0,1194.0,8742.0,8016.0,6808.0,1197.0,12249.0
2020-09-27,3300.0,22137.0,1202.0,8806.0,8016.0,6808.0,1209.0,12249.0
2020-09-28,3427.0,22231.0,1214.0,8855.0,8100.0,6996.0,1225.0,12279.0
2020-09-29,3459.0,22282.0,1217.0,8904.0,8127.0,7057.0,1230.0,12306.0
2020-09-30,3476.0,22419.0,1223.0,8972.0,8173.0,7132.0,1253.0,12335.0
2020-10-01,3511.0,22579.0,1232.0,9021.0,8221.0,7242.0,1275.0,12349.0
2020-10-02,3550.0,22807.0,1255.0,9078.0,8283.0,7242.0,1301.0,12349.0
2020-10-03,3550.0,22960.0,1263.0,9144.0,8283.0,7261.0,1317.0,12388.0
2020-10-04,3550.0,23042.0,1279.0,9205.0,8283.0,7359.0,1330.0,12388.0
2020-10-05,3658.0,23168.0,1288.0,9248.0,8372.0,7416.0,1345.0,12419.0
2020-10-06,3690.0,23287.0,1301.0,9295.0,8435.0,7484.0,1354.0,12435.0
2020-10-07,3728.0,23438.0,1326.0,9372.0,8482.0,7730.0,1375.0,12455.0
2020-10-08,3778.0,23605.0,1338.0,9483.0,8525.0,7868.0,1390.0,12484.0
2020-10-09,3801.0,23755.0,1348.0,9560.0,8595.0,7960.0,1408.0,12499.0
2020-10-10,3801.0,23898.0,1357.0,9639.0,8595.0,7960.0,1421.0,12529.0
2020-10-11,3801.0,24072.0,1357.0,9740.0,8595.0,7960.0,1446.0,12529.0
2020-10-12,3958.0,24224.0,1357.0,9789.0,8813.0,7960.0,1467.0,12557.0
2020-10-13,3981.0,24349.0,1368.0,9876.0,8869.0,8254.0,1480.0,12577.0
2020-10-14,4031.0,24519.0,1379.0,9967.0,8951.0,8373.0,1502.0,12604.0
2020-10-15,4077.0,24668.0,1387.0,10074.0,9047.0,8499.0,1520.0,12634.0
2020-10-16,4120.0,24792.0,1398.0,10146.0,9125.0,8599.0,1556.0,12661.0
2020-10-17,4120.0,25011.0,1408.0,10240.0,9125.0,8599.0,1582.0,12673.0
2020-10-18,4120.0,25116.0,1414.0,10353.0,9125.0,8599.0,1594.0,12673.0
2020-10-19,4232.0,25288.0,1417.0,10401.0,9322.0,8774.0,1611.0,12687.0
2020-10-20,4283.0,25386.0,1426.0,10467.0,9402.0,8820.0,1626.0,12718.0
2020-10-21,4332.0,25559.0,1438.0,10585.0,9478.0,8922.0,1646.0,12741.0
2020-10-22,4379.0,25759.0,1446.0,10687.0,9562.0,9025.0,1663.0,12765.0
2020-10-23,4412.0,25988.0,1454.0,10826.0,9659.0,9099.0,1701.0,12803.0
2020-10-24,4412.0,26200.0,1461.0,10946.0,9659.0,9099.0,1721.0,12827.0
2020-10-25,4412.0,26360.0,1470.0,11056.0,9659.0,9158.0,1745.0,12827.0
2020-10-26,4569.0,26540.0,1477.0,11121.0,9891.0,9382.0,1767.0,12863.0
2020-10-27,4606.0,26640.0,1492.0,11185.0,9948.0,9493.0,1779.0,12886.0
2020-10-28,4668.0,26836.0,1507.0,11382.0,10025.0,9623.0,1805.0,12907.0
2020-10-29,4736.0,27057.0,1528.0,11499.0,10126.0,9727.0,1830.0,12936.0
2020-10-30,4803.0,27442.0,1548.0,11603.0,10219.0,9894.0,1865.0,12983.0
2020-10-31,4803.0,27776.0,1555.0,11697.0,10219.0,9894.0,1886.0,13027.0
2020-11-01,4803.0,27986.0,1576.0,11759.0,10219.0,9894.0,1910.0,13027.0
2020-11-02,5001.0,28281.0,1601.0,11986.0,10505.0,10209.0,1934.0,13085.0
2020-11-03,5085.0,28408.0,1613.0,12062.0,10587.0,10310.0,1968.0,13112.0
2020-11-04,5166.0,28967.0,1637.0,12276.0,10723.0,10403.0,1994.0,13144.0
2020-11-05,5235.0,29484.0,1649.0,12462.0,10877.0,10515.0,2021.0,13173.0
2020-11-06,5330.0,30016.0,1672.0,12602.0,11129.0,10699.0,2047.0,13220.0
2020-11-07,5330.0,30434.0,1698.0,12836.0,11129.0,10742.0,2066.0,13276.0
2020-11-08,5330.0,30885.0,1727.0,12971.0,11129.0,10921.0,2099.0,13276.0
2020-11-09,5619.0,31263.0,1750.0,13061.0,11609.0,11402.0,2122.0,13356.0
2020-11-10,5785.0,31595.0,1771.0,13214.0,11747.0,11537.0,2184.0,13356.0
2020-11-11,5785.0,31967.0,1771.0,13489.0,11747.0,11537.0,2231.0,13356.0
2020-11-12,6049.0,32589.0,1846.0,13734.0,12013.0,11904.0,2282.0,13477.0
2020-11-13,6162.0,33387.0,1888.0,13913.0,12301.0,12114.0,2370.0,13609.0
2020-11-14,6162.0,34014.0,1931.0,14215.0,12301.0,12114.0,2450.0,13655.0
2020-11-15,6162.0,34556.0,1966.0,14453.0,12301.0,12449.0,2488.0,13655.0
2020-11-16,6472.0,35228.0,1994.0,14685.0,12965.0,13047.0,2533.0,13775.0
2020-11-17,6749.0,35729.0,2046.0,14952.0,13111.0,13279.0,2594.0,13857.0
2020-11-18,6920.0,36012.0,2049.0,15120.0,13269.0,13441.0,2644.0,13930.0
2020-11-19,7082.0,36816.0,2077.0,15363.0,13428.0,13846.0,2685.0,14001.0
2020-11-20,7271.0,37454.0,2101.0,15618.0,13639.0,14067.0,2685.0,14098.0
2020-11-21,7271.0,38031.0,2123.0,15942.0,13639.0,14067.0,2685.0,14182.0
2020-11-22,7271.0,38691.0,2123.0,16266.0,13639.0,14067.0,2685.0,14182.0
2020-11-23,7612.0,40084.0,2209.0,16428.0,14443.0,15081.0,2685.0,14562.0
2020-11-24,7772.0,40755.0,2263.0,16766.0,14715.0,15344.0,2721.0,14712.0
2020-11-25,8030.0,41519.0,2318.0,17061.0,14925.0,15752.0,2778.0,14822.0
2020-11-26,8030.0,42122.0,2318.0,17155.0,14925.0,15752.0,2778.0,14822.0
2020-11-27,8288.0,42922.0,2391.0,17290.0,14925.0,16365.0,2901.0,15006.0
2020-11-28,8377.0,43403.0,2415.0,17701.0,14925.0,16415.0,2945.0,15070.0
2020-11-29,8497.0,43856.0,2439.0,18047.0,14925.0,16613.0,2958.0,15070.0
2020-11-30,8843.0,44425.0,2491.0,18253.0,15973.0,17214.0,3019.0,15331.0
2020-12-01,8914.0,45157.0,2538.0,18530.0,16234.0,17535.0,3281.0,15448.0
2020-12-02,9189.0,45830.0,2585.0,18811.0,16523.0,17787.0,3349.0,15562.0
2020-12-03,9324.0,46192.0,2625.0,19127.0,16678.0,18077.0,3390.0,15654.0
2020-12-04,9431.0,46950.0,2682.0,19515.0,16894.0,18386.0,3344.0,15729.0
2020-12-05,9542.0,47274.0,2707.0,19717.0,16894.0,18563.0,3484.0,15815.0
2020-12-06,9661.0,47637.0,2754.0,19752.0,16894.0,18954.0,3504.0,15928.0
2020-12-07,9849.0,49758.0,2858.0,19864.0,17880.0,19325.0,3608.0,16330.0
2020-12-08,10019.0,50345.0,2920.0,20280.0,18148.0,19957.0,3675.0,16577.0
2020-12-09,10334.0,50989.0,2957.0,21023.0,18315.0,20182.0,3744.0,16683.0
2020-12-10,10527.0,51690.0,2989.0,21733.0,18681.0,20388.0,3776.0,16852.0
2020-12-11,10775.0,52594.0,3030.0,22202.0,18941.0,20714.0,3840.0,17071.0
2020-12-12,10976.0,53365.0,3088.0,22682.0,18941.0,21137.0,3917.0,17293.0
2020-12-13,11111.0,54036.0,3122.0,23199.0,18941.0,21371.0,3939.0,17293.0
2020-12-14,11206.0,54668.0,3127.0,23369.0,19696.0,21661.0,3989.0,17585.0
2020-12-15,11300.0,54868.0,3177.0,23684.0,19839.0,21881.0,4034.0,17677.0
2020-12-16,11320.0,55231.0,3177.0,23846.0,20095.0,22007.0,4068.0,17780.0
2020-12-17,11720.0,56270.0,3296.0,24113.0,20401.0,22653.0,4108.0,18114.0
2020-12-18,11860.0,57136.0,3362.0,24401.0,20679.0,23442.0,4224.0,18451.0
2020-12-19,12030.0,57785.0,3402.0,24740.0,20679.0,23596.0,4277.0,18598.0
2020-12-20,12030.0,57785.0,3402.0,24927.0,20679.0,23866.0,4318.0,18598.0
2020-12-21,12213.0,58749.0,3459.0,25053.0,21179.0,24008.0,4354.0,18985.0
2020-12-22,12324.0,58970.0,3493.0,25258.0,21329.0,24154.0,4376.0,19180.0
2020-12-23,12477.0,59385.0,3560.0,25601.0,21573.0,24495.0,4431.0,19431.0
2020-12-24,12580.0,59896.0,3622.0,26000.0,21795.0,24495.0,4495.0,19764.0
2020-12-25,12580.0,59896.0,3622.0,26371.0,21795.0,24495.0,4544.0,19764.0
2020-12-26,12836.0,60695.0,3729.0,26525.0,21795.0,25271.0,4595.0,19981.0
2020-12-27,12836.0,60695.0,3729.0,26673.0,21795.0,25358.0,4633.0,19981.0
2020-12-28,12948.0,61150.0,3757.0,26774.0,22484.0,25525.0,4654.0,20320.0
2020-12-29,13064.0,61457.0,3787.0,27144.0,22654.0,25802.0,4682.0,20412.0
2020-12-30,13172.0,61712.0,3806.0,27367.0,22801.0,25949.0,4714.0,20748.0
2020-12-31,13344.0,62582.0,3887.0,27620.0,23189.0,26174.0,4776.0,21053.0
2021-01-01,13344.0,62582.0,3887.0,28056.0,23189.0,26174.0,4861.0,21053.0
2021-01-02,13344.0,62582.0,3887.0,28367.0,23189.0,27183.0,4888.0,21411.0
2021-01-03,13932.0,65267.0,4004.0,28556.0,23189.0,27377.0,4944.0,21411.0
2021-01-04,14092.0,65572.0,4034.0,28720.0,24162.0,27566.0,5004.0,21744.0
2021-01-05,14431.0,65836.0,4076.0,28928.0,24464.0,27922.0,5055.0,21902.0
2021-01-06,14531.0,66288.0,4136.0,29171.0,24619.0,28191.0,5107.0,22117.0
2021-01-07,14657.0,67000.0,4203.0,29473.0,24939.0,28604.0,5136.0,22441.0
2021-01-08,14846.0,67934.0,4271.0,29980.0,25217.0,29209.0,5269.0,22769.0
2021-01-09,15010.0,68801.0,4355.0,30345.0,25217.0,29471.0,5350.0,22992.0
2021-01-10,15010.0,68801.0,4355.0,30508.0,25217.0,29726.0,5433.0,22992.0
2021-01-11,15301.0,70061.0,4450.0,30788.0,26136.0,29953.0,5456.0,23256.0
2021-01-12,15590.0,70547.0,4490.0,30930.0,26304.0,30436.0,5508.0,23369.0
2021-01-13,15617.0,71108.0,4516.0,31352.0,26435.0,30674.0,5561.0,23534.0
2021-01-14,15734.0,71648.0,4595.0,31533.0,26574.0,31016.0,5627.0,23755.0
2021-01-15,15873.0,72255.0,4641.0,31805.0,26706.0,31252.0,5677.0,23901.0
2021-01-16,15873.0,72255.0,4641.0,32005.0,26706.0,31399.0,5727.0,24112.0
2021-01-17,16125.0,73017.0,4701.0,32163.0,26706.0,31648.0,5785.0,24112.0
2021-01-18,16125.0,73017.0,4701.0,32292.0,26706.0,31741.0,5829.0,24112.0
2021-01-19,16300.0,73669.0,4748.0,32469.0,27339.0,32031.0,5850.0,24401.0
2021-01-20,16485.0,74079.0,4801.0,32765.0,27462.0,32124.0,5899.0,24459.0
2021-01-21,16506.0,74502.0,4846.0,33069.0,27582.0,32276.0,5973.0,24627.0
2021-01-22,16639.0,74953.0,4893.0,33363.0,27650.0,32634.0,6062.0,24751.0
2021-01-23,16786.0,75435.0,4924.0,33491.0,27650.0,32782.0,6093.0,24886.0
2021-01-24,16786.0,75435.0,4924.0,33731.0,27650.0,32910.0,6141.0,24886.0
2021-01-25,16915.0,75905.0,4971.0,33929.0,27995.0,32969.0,6185.0,25000.0
2021-01-26,17009.0,76148.0,4994.0,34151.0,28058.0,33200.0,6217.0,25086.0
2021-01-27,17106.0,76561.0,5018.0,34363.0,28174.0,33472.0,6261.0,25149.0
2021-01-28,17249.0,77069.0,5077.0,34590.0,28328.0,33979.0,6297.0,25333.0
2021-01-29,17386.0,77693.0,5108.0,34811.0,28373.0,34234.0,6384.0,25415.0
2021-01-30,17508.0,78012.0,5144.0,35015.0,28373.0,34404.0,6408.0,25567.0
2021-01-31,17508.0,78012.0,5144.0,35202.0,28373.0,34497.0,6449.0,25567.0
2021-02-01,17644.0,78391.0,5168.0,35318.0,28691.0,34672.0,6466.0,25802.0
2021-02-02,17729.0,78680.0,5208.0,35445.0,28767.0,34872.0,6486.0,25922.0
2021-02-03,17809.0,79063.0,5233.0,35554.0,28894.0,35012.0,6514.0,26056.0
2021-02-04,17884.0,79342.0,5273.0,35718.0,29062.0,35147.0,6538.0,26194.0
2021-02-05,17992.0,79633.0,5310.0,35849.0,29177.0,35290.0,6586.0,26306.0
2021-02-06,18030.0,79701.0,5320.0,35849.0,29177.0,35368.0,6601.0,26402.0
2021-02-07,18030.0,79701.0,5320.0,35849.0,29177.0,35532.0,6636.0,26402.0
2021-02-08,18184.0,80417.0,5437.0,36180.0,29431.0,35574.0,6670.0,26569.0
2021-02-09,18228.0,80596.0,5470.0,36258.0,29489.0,35644.0,6685.0,26639.0
2021-02-10,18194.0,80798.0,5483.0,36488.0,29556.0,35784.0,6719.0,26727.0
2021-02-11,18252.0,81084.0,5513.0,36546.0,29578.0,35805.0,6747.0,26783.0
2021-02-12,18302.0,81332.0,5529.0,36753.0,29705.0,35943.0,6777.0,26907.0
2021-02-13,18343.0,81543.0,5555.0,36753.0,29705.0,36022.0,6795.0,26970.0
2021-02-14,18343.0,81543.0,5555.0,36753.0,29705.0,36131.0,6817.0,26970.0
2021-02-15,18343.0,81543.0,5555.0,36753.0,29705.0,36183.0,6861.0,26970.0
2021-02-16,18416.0,82024.0,5577.0,37194.0,30055.0,36293.0,6928.0,27045.0
2021-02-17,18504.0,82203.0,5596.0,37357.0,30130.0,36415.0,6951.0,27107.0
2021-02-18,18516.0,82404.0,5606.0,37466.0,30230.0,36524.0,6967.0,27177.0
2021-02-19,18551.0,82617.0,5632.0,37574.0,30297.0,36617.0,7010.0,27224.0
2021-02-20,18612.0,82837.0,5647.0,37574.0,30297.0,36701.0,7025.0,27279.0
2021-02-21,18612.0,82837.0,5647.0,37574.0,30297.0,36787.0,7065.0,27279.0
2021-02-22,18674.0,83073.0,5680.0,37897.0,30474.0,36870.0,7080.0,27361.0
2021-02-23,18706.0,83197.0,5703.0,37975.0,30607.0,36952.0,7108.0,27399.0
2021-02-24,18754.0,83359.0,5723.0,38074.0,30680.0,37049.0,7136.0,27472.0
2021-02-25,18804.0,83613.0,5734.0,38224.0,30754.0,37129.0,7158.0,27528.0
2021-02-26,18859.0,83803.0,5752.0,38391.0,30828.0,37197.0,7184.0,27592.0
2021-02-27,18912.0,84016.0,5781.0,38391.0,30828.0,37269.0,7226.0,27643.0
2021-02-28,18912.0,84016.0,5781.0,38391.0,30828.0,37315.0,7250.0,27643.0
2021-03-01,18959.0,84246.0,5786.0,38633.0,30957.0,37368.0,7257.0,27718.0
2021-03-02,19001.0,84328.0,5800.0,38708.0,31081.0,37478.0,7278.0,27771.0
2021-03-03,19024.0,84490.0,5820.0,38772.0,31131.0,37495.0,7298.0,27817.0
2021-03-04,19064.0,84716.0,5828.0,38883.0,31182.0,37575.0,7312.0,27857.0
2021-03-05,19103.0,84857.0,5839.0,38939.0,31299.0,37579.0,7337.0,27924.0
2021-03-06,19142.0,85017.0,5863.0,39037.0,31299.0,37613.0,7358.0,27971.0
2021-03-07,19142.0,85017.0,5863.0,39037.0,31299.0,37688.0,7373.0,27971.0
2021-03-08,19175.0,85284.0,5897.0,39278.0,31439.0,37708.0,7383.0,28041.0
2021-03-09,19228.0,85419.0,5918.0,39373.0,31477.0,37760.0,7391.0,28084.0
2021-03-10,19285.0,85598.0,5932.0,39491.0,31510.0,37818.0,7407.0,28118.0
2021-03-11,19308.0,85826.0,5942.0,39584.0,31558.0,37925.0,7419.0,28201.0
2021-03-12,19343.0,86004.0,5952.0,39734.0,31617.0,37987.0,7458.0,28235.0
2021-03-13,19395.0,86236.0,5990.0,39863.0,31617.0,38057.0,7475.0,28235.0
2021-03-14,19395.0,86236.0,5990.0,39863.0,31617.0,38101.0,7492.0,28283.0
2021-03-15,19474.0,86542.0,6026.0,40034.0,31736.0,38154.0,7507.0,28335.0
2021-03-16,19515.0,86657.0,6048.0,40178.0,31775.0,38200.0,7516.0,28335.0
2021-03-17,19545.0,86852.0,6088.0,40386.0,31848.0,38270.0,7532.0,28415.0
2021-03-18,19587.0,87140.0,6102.0,40494.0,31912.0,38330.0,7548.0,28415.0
2021-03-19,19640.0,87395.0,6125.0,40632.0,31962.0,38407.0,7567.0,28523.0
2021-03-20,19710.0,87628.0,6148.0,40825.0,31962.0,38442.0,7585.0,28550.0
2021-03-21,19710.0,87628.0,6148.0,40825.0,31962.0,38486.0,7585.0,28550.0
2021-03-22,19768.0,88023.0,6174.0,41095.0,32145.0,38549.0,7616.0,28600.0
2021-03-23,19799.0,88114.0,6187.0,41206.0,32195.0,38592.0,7631.0,28622.0
2021-03-24,19856.0,88467.0,6205.0,41376.0,32242.0,38601.0,7660.0,28655.0
2021-03-25,19903.0,88835.0,6236.0,41518.0,32336.0,38706.0,7683.0,28717.0
2021-03-26,19949.0,89205.0,6248.0,41690.0,32426.0,38807.0,7714.0,28781.0
2021-03-27,20026.0,89638.0,6283.0,41940.0,32426.0,38880.0,7758.0,28828.0
2021-03-28,20026.0,89638.0,6283.0,41940.0,32426.0,38943.0,7766.0,28828.0
2021-03-29,20105.0,90127.0,6336.0,42198.0,32600.0,38885.0,7783.0,28895.0
2021-03-30,20143.0,90335.0,6368.0,42311.0,32600.0,38980.0,7795.0,28945.0
2021-03-31,20221.0,90694.0,6401.0,42520.0,32600.0,39044.0,7832.0,28980.0
2021-04-01,20248.0,91106.0,6442.0,42730.0,32600.0,39138.0,7869.0,29055.0
2021-04-02,20316.0,91510.0,6489.0,42998.0,32600.0,39217.0,7896.0,29152.0
2021-04-03,20385.0,91857.0,6525.0,43245.0,32600.0,39307.0,7915.0,29214.0
2021-04-04,20385.0,91857.0,6525.0,43245.0,32600.0,39354.0,7915.0,29214.0
2021-04-05,20445.0,92478.0,6584.0,43541.0,33271.0,39442.0,7965.0,29264.0
2021-04-06,20506.0,92572.0,6604.0,43653.0,33271.0,39486.0,7979.0,29320.0
2021-04-07,20554.0,93004.0,6626.0,43848.0,33271.0,39591.0,8004.0,29359.0
2021-04-08,20613.0,93326.0,6647.0,44013.0,33271.0,39693.0,8023.0,29423.0
2021-04-09,20716.0,93762.0,6697.0,44295.0,33271.0,39785.0,8075.0,29501.0
2021-04-10,20789.0,94134.0,6738.0,44556.0,33277.0,39903.0,8102.0,29535.0
2021-04-11,20789.0,94134.0,6738.0,44556.0,33277.0,39976.0,8102.0,29535.0
2021-04-12,20846.0,94777.0,6799.0,44908.0,34114.0,40106.0,8136.0,29629.0
2021-04-13,20972.0,95003.0,6836.0,45066.0,34114.0,40208.0,8173.0,29652.0
2021-04-14,21041.0,95349.0,6882.0,45209.0,34114.0,40279.0,8198.0,29753.0
2021-04-15,21118.0,95784.0,6922.0,45360.0,34114.0,40409.0,8263.0,29816.0
