date,0,Multnomah,Sacramento,1,2,San Diego,Anchorage,Honolulu
2020-03-26,133.0,2.0,5.0,32.0,34.0,3.0,0.0,0.0
2020-03-27,156.0,2.0,6.0,37.0,44.0,5.0,1.0,0.0
2020-03-28,167.0,2.0,6.0,46.0,50.0,7.0,1.0,0.0
2020-03-29,176.0,2.0,6.0,47.0,56.0,7.0,2.0,0.0
2020-03-30,189.0,2.0,7.0,52.0,64.0,7.0,2.0,0.0
2020-03-31,191.0,2.0,7.0,61.0,85.0,9.0,2.0,1.0
2020-04-01,213.0,3.0,9.0,65.0,99.0,15.0,2.0,1.0
2020-04-02,223.0,3.0,9.0,72.0,119.0,16.0,2.0,2.0
2020-04-03,236.0,3.0,10.0,82.0,136.0,17.0,2.0,2.0
2020-04-04,256.0,6.0,12.0,85.0,168.0,18.0,2.0,2.0
2020-04-05,268.0,7.0,16.0,86.0,184.0,19.0,3.0,2.0
2020-04-06,294.0,7.0,18.0,91.0,208.0,19.0,3.0,4.0
2020-04-07,307.0,7.0,21.0,106.0,235.0,31.0,3.0,4.0
2020-04-08,324.0,10.0,22.0,111.0,274.0,36.0,4.0,4.0
2020-04-09,341.0,13.0,22.0,114.0,304.0,40.0,4.0,4.0
2020-04-10,365.0,17.0,24.0,123.0,332.0,44.0,4.0,5.0
2020-04-11,373.0,18.0,26.0,128.0,359.0,45.0,4.0,5.0
2020-04-12,384.0,19.0,26.0,133.0,397.0,45.0,4.0,6.0
2020-04-13,392.0,19.0,27.0,141.0,430.0,47.0,4.0,6.0
2020-04-14,406.0,20.0,28.0,142.0,473.0,53.0,4.0,6.0
2020-04-15,423.0,22.0,32.0,171.0,530.0,60.0,4.0,6.0
2020-04-16,438.0,26.0,32.0,181.0,599.0,63.0,4.0,6.0
2020-04-17,451.0,28.0,32.0,191.0,660.0,70.0,4.0,6.0
2020-04-18,467.0,28.0,33.0,192.0,752.0,71.0,4.0,6.0
2020-04-19,473.0,28.0,34.0,194.0,777.0,71.0,4.0,6.0
2020-04-20,493.0,28.0,34.0,206.0,808.0,72.0,4.0,6.0
2020-04-21,510.0,29.0,35.0,212.0,869.0,87.0,4.0,7.0
2020-04-22,521.0,29.0,36.0,231.0,943.0,96.0,4.0,7.0
2020-04-23,531.0,33.0,41.0,238.0,1030.0,112.0,4.0,7.0
2020-04-24,544.0,35.0,41.0,245.0,1094.0,102.0,4.0,8.0
2020-04-25,553.0,35.0,41.0,252.0,1148.0,111.0,4.0,9.0
2020-04-26,564.0,37.0,41.0,253.0,1169.0,111.0,4.0,9.0
2020-04-27,575.0,37.0,41.0,266.0,1222.0,123.0,4.0,11.0
2020-04-28,588.0,40.0,41.0,274.0,1285.0,128.0,4.0,11.0
2020-04-29,597.0,42.0,42.0,276.0,1349.0,133.0,4.0,11.0
2020-04-30,609.0,43.0,43.0,290.0,1416.0,140.0,4.0,11.0
2020-05-01,612.0,44.0,43.0,298.0,1492.0,143.0,4.0,11.0
2020-05-02,618.0,46.0,43.0,300.0,1545.0,150.0,4.0,11.0
2020-05-03,623.0,46.0,43.0,301.0,1566.0,150.0,4.0,11.0
2020-05-04,629.0,46.0,47.0,307.0,1612.0,150.0,4.0,11.0
2020-05-05,637.0,49.0,47.0,314.0,1678.0,162.0,4.0,11.0
2020-05-06,644.0,50.0,47.0,321.0,1745.0,173.0,4.0,11.0
2020-05-07,655.0,52.0,49.0,322.0,1805.0,186.0,4.0,11.0
2020-05-08,661.0,52.0,50.0,332.0,1873.0,189.0,4.0,11.0
2020-05-09,668.0,53.0,51.0,344.0,1934.0,194.0,4.0,11.0
2020-05-10,680.0,53.0,52.0,351.0,1958.0,194.0,4.0,11.0
2020-05-11,689.0,53.0,52.0,352.0,2002.0,194.0,4.0,11.0
2020-05-12,697.0,53.0,52.0,355.0,2059.0,204.0,4.0,11.0
2020-05-13,700.0,53.0,52.0,362.0,2139.0,217.0,4.0,11.0
2020-05-14,704.0,55.0,54.0,364.0,2148.0,223.0,4.0,11.0
2020-05-15,716.0,55.0,54.0,369.0,2263.0,231.0,4.0,11.0
2020-05-16,723.0,55.0,55.0,372.0,2314.0,235.0,4.0,11.0
2020-05-17,724.0,55.0,55.0,373.0,2348.0,235.0,4.0,11.0
2020-05-18,725.0,55.0,56.0,373.0,2370.0,242.0,4.0,11.0
2020-05-19,739.0,55.0,56.0,377.0,2456.0,242.0,4.0,11.0
2020-05-20,740.0,57.0,57.0,387.0,2529.0,242.0,4.0,11.0
2020-05-21,747.0,57.0,57.0,392.0,2605.0,262.0,4.0,11.0
2020-05-22,753.0,58.0,57.0,396.0,2660.0,262.0,4.0,11.0
2020-05-23,753.0,58.0,57.0,398.0,2724.0,271.0,4.0,11.0
2020-05-24,759.0,58.0,57.0,399.0,2740.0,275.0,4.0,11.0
2020-05-25,763.0,58.0,57.0,400.0,2757.0,275.0,4.0,11.0
2020-05-26,774.0,58.0,57.0,407.0,2791.0,275.0,4.0,11.0
2020-05-27,784.0,58.0,57.0,411.0,2860.0,290.0,4.0,11.0
2020-05-28,791.0,59.0,57.0,412.0,2925.0,297.0,4.0,11.0
2020-05-29,793.0,59.0,57.0,420.0,2998.0,307.0,4.0,11.0
2020-05-30,797.0,59.0,57.0,421.0,3060.0,312.0,4.0,11.0
2020-05-31,797.0,59.0,57.0,422.0,3085.0,312.0,4.0,11.0
2020-06-01,800.0,59.0,58.0,429.0,3113.0,312.0,4.0,11.0
2020-06-02,804.0,61.0,58.0,431.0,3179.0,312.0,4.0,11.0
2020-06-03,809.0,62.0,58.0,431.0,3236.0,312.0,4.0,11.0
2020-06-04,813.0,62.0,58.0,431.0,3286.0,312.0,4.0,11.0
2020-06-05,815.0,63.0,59.0,431.0,3346.0,312.0,4.0,11.0
2020-06-06,817.0,65.0,59.0,435.0,3410.0,312.0,4.0,11.0
2020-06-07,818.0,65.0,59.0,436.0,3436.0,312.0,4.0,11.0
2020-06-08,820.0,65.0,61.0,438.0,3447.0,312.0,4.0,11.0
2020-06-09,825.0,66.0,61.0,457.0,3516.0,312.0,5.0,11.0
2020-06-10,825.0,66.0,62.0,457.0,3601.0,312.0,5.0,11.0
2020-06-11,829.0,66.0,63.0,458.0,3660.0,312.0,5.0,11.0
2020-06-12,833.0,67.0,63.0,465.0,3694.0,313.0,6.0,11.0
2020-06-13,838.0,67.0,63.0,465.0,3759.0,319.0,6.0,11.0
2020-06-14,839.0,68.0,63.0,469.0,3780.0,320.0,6.0,11.0
2020-06-15,840.0,68.0,63.0,469.0,3801.0,320.0,6.0,11.0
2020-06-16,845.0,68.0,63.0,477.0,3857.0,323.0,6.0,11.0
2020-06-17,842.0,68.0,67.0,483.0,3903.0,327.0,6.0,11.0
2020-06-18,849.0,68.0,67.0,489.0,3957.0,331.0,6.0,11.0
2020-06-19,855.0,68.0,67.0,495.0,4002.0,332.0,6.0,11.0
2020-06-20,859.0,68.0,67.0,495.0,4062.0,338.0,6.0,11.0
2020-06-21,859.0,68.0,67.0,504.0,4074.0,338.0,6.0,11.0
2020-06-22,861.0,68.0,67.0,506.0,4107.0,338.0,6.0,11.0
2020-06-23,864.0,68.0,66.0,508.0,4154.0,341.0,6.0,11.0
2020-06-24,868.0,68.0,66.0,515.0,4225.0,347.0,6.0,11.0
2020-06-25,871.0,70.0,66.0,526.0,4279.0,352.0,6.0,11.0
2020-06-26,874.0,70.0,66.0,531.0,4321.0,358.0,6.0,11.0
2020-06-27,878.0,71.0,66.0,532.0,4339.0,360.0,6.0,12.0
2020-06-28,878.0,71.0,66.0,537.0,4362.0,361.0,6.0,12.0
2020-06-29,881.0,71.0,68.0,539.0,4390.0,361.0,6.0,12.0
2020-06-30,885.0,71.0,68.0,544.0,4465.0,365.0,6.0,12.0
2020-07-01,890.0,71.0,68.0,549.0,4514.0,372.0,6.0,12.0
2020-07-02,893.0,71.0,69.0,553.0,4585.0,377.0,6.0,12.0
2020-07-03,899.0,72.0,69.0,557.0,4609.0,387.0,7.0,13.0
2020-07-04,900.0,72.0,69.0,559.0,4609.0,387.0,8.0,13.0
2020-07-05,905.0,72.0,69.0,560.0,4645.0,387.0,8.0,13.0
2020-07-06,909.0,72.0,74.0,567.0,4705.0,387.0,8.0,13.0
2020-07-07,915.0,73.0,76.0,573.0,4773.0,399.0,8.0,13.0
2020-07-08,920.0,75.0,78.0,578.0,4869.0,406.0,8.0,13.0
2020-07-09,924.0,75.0,78.0,585.0,4955.0,415.0,8.0,13.0
2020-07-10,927.0,75.0,79.0,587.0,5034.0,420.0,8.0,13.0
2020-07-11,927.0,75.0,81.0,589.0,5099.0,422.0,8.0,13.0
2020-07-12,932.0,75.0,83.0,590.0,5126.0,422.0,8.0,13.0
2020-07-13,932.0,75.0,83.0,596.0,5155.0,422.0,8.0,15.0
2020-07-14,941.0,75.0,91.0,607.0,5242.0,436.0,8.0,15.0
2020-07-15,949.0,75.0,92.0,624.0,5334.0,448.0,8.0,15.0
2020-07-16,950.0,75.0,94.0,629.0,5405.0,465.0,8.0,15.0
2020-07-17,954.0,76.0,95.0,641.0,5475.0,472.0,8.0,16.0
2020-07-18,961.0,76.0,96.0,644.0,5550.0,478.0,9.0,17.0
2020-07-19,961.0,77.0,96.0,644.0,5561.0,478.0,9.0,17.0
2020-07-20,965.0,77.0,96.0,646.0,5572.0,478.0,9.0,17.0
2020-07-21,967.0,78.0,96.0,655.0,5651.0,487.0,9.0,17.0
2020-07-22,967.0,78.0,96.0,661.0,5751.0,505.0,9.0,18.0
2020-07-23,970.0,78.0,98.0,666.0,5863.0,512.0,9.0,19.0
2020-07-24,991.0,80.0,103.0,678.0,5932.0,524.0,9.0,19.0
2020-07-25,992.0,81.0,108.0,694.0,5993.0,533.0,9.0,19.0
2020-07-26,993.0,84.0,108.0,694.0,6011.0,533.0,9.0,19.0
2020-07-27,994.0,82.0,114.0,694.0,6066.0,533.0,9.0,19.0
2020-07-28,998.0,84.0,121.0,703.0,6145.0,547.0,9.0,19.0
2020-07-29,1002.0,89.0,126.0,714.0,6253.0,552.0,9.0,19.0
2020-07-30,1003.0,92.0,127.0,729.0,6321.0,558.0,10.0,19.0
2020-07-31,1003.0,94.0,133.0,735.0,6419.0,561.0,11.0,19.0
2020-08-01,1014.0,94.0,142.0,752.0,6506.0,565.0,12.0,19.0
2020-08-02,1016.0,95.0,142.0,756.0,6531.0,565.0,12.0,19.0
2020-08-03,1020.0,95.0,145.0,758.0,6583.0,565.0,13.0,19.0
2020-08-04,1023.0,95.0,148.0,767.0,6703.0,568.0,13.0,20.0
2020-08-05,1022.0,95.0,153.0,779.0,6808.0,578.0,13.0,20.0
2020-08-06,1033.0,95.0,155.0,784.0,6908.0,583.0,13.0,22.0
2020-08-07,1042.0,95.0,161.0,794.0,7007.0,586.0,13.0,24.0
2020-08-08,1050.0,96.0,161.0,801.0,7077.0,593.0,14.0,24.0
2020-08-09,1053.0,97.0,161.0,803.0,7137.0,594.0,14.0,24.0
2020-08-10,1056.0,98.0,177.0,803.0,7180.0,594.0,14.0,27.0
2020-08-11,1061.0,100.0,179.0,829.0,7257.0,602.0,14.0,27.0
2020-08-12,1064.0,100.0,186.0,839.0,7355.0,608.0,14.0,31.0
2020-08-13,1077.0,103.0,194.0,846.0,7471.0,615.0,14.0,33.0
2020-08-14,1079.0,103.0,199.0,857.0,7540.0,622.0,14.0,33.0
2020-08-15,1085.0,103.0,199.0,862.0,7598.0,626.0,15.0,33.0
2020-08-16,1092.0,103.0,199.0,865.0,7608.0,626.0,15.0,33.0
2020-08-17,1093.0,104.0,218.0,866.0,7659.0,626.0,15.0,33.0
2020-08-18,1101.0,104.0,219.0,875.0,7776.0,633.0,16.0,34.0
2020-08-19,1109.0,108.0,230.0,885.0,7861.0,638.0,16.0,35.0
2020-08-20,1121.0,108.0,230.0,892.0,7927.0,644.0,16.0,37.0
2020-08-21,1125.0,112.0,234.0,905.0,8031.0,652.0,16.0,38.0
2020-08-22,1128.0,112.0,234.0,914.0,8153.0,660.0,16.0,39.0
2020-08-23,1130.0,112.0,234.0,918.0,8162.0,660.0,16.0,39.0
2020-08-24,1135.0,115.0,246.0,918.0,8222.0,660.0,16.0,41.0
2020-08-25,1137.0,115.0,252.0,946.0,8295.0,665.0,20.0,41.0
2020-08-26,1143.0,115.0,259.0,954.0,8381.0,668.0,21.0,43.0
2020-08-27,1147.0,115.0,265.0,965.0,8470.0,673.0,21.0,47.0
2020-08-28,1151.0,122.0,274.0,974.0,8526.0,676.0,21.0,50.0
2020-08-29,1151.0,122.0,274.0,974.0,8572.0,679.0,21.0,53.0
2020-08-30,1151.0,122.0,274.0,987.0,8586.0,682.0,21.0,54.0
2020-08-31,1153.0,122.0,293.0,986.0,8615.0,682.0,21.0,59.0
2020-09-01,1163.0,122.0,296.0,996.0,8675.0,688.0,23.0,62.0
2020-09-02,1168.0,124.0,304.0,1020.0,8777.0,695.0,23.0,63.0
2020-09-03,1172.0,124.0,317.0,1044.0,8863.0,700.0,24.0,67.0
2020-09-04,1177.0,126.0,327.0,1052.0,8948.0,701.0,24.0,69.0
2020-09-05,1177.0,126.0,327.0,1060.0,9001.0,704.0,25.0,72.0
2020-09-06,1178.0,126.0,327.0,1063.0,9008.0,707.0,25.0,73.0
2020-09-07,1178.0,127.0,332.0,1065.0,9033.0,707.0,25.0,74.0
2020-09-08,1180.0,127.0,334.0,1069.0,9055.0,709.0,25.0,75.0
2020-09-09,1186.0,127.0,339.0,1076.0,9157.0,721.0,25.0,78.0
2020-09-10,1189.0,127.0,346.0,1078.0,9216.0,725.0,25.0,81.0
2020-09-11,1192.0,126.0,350.0,1113.0,9284.0,730.0,26.0,83.0
2020-09-12,1192.0,128.0,350.0,1120.0,9336.0,734.0,27.0,84.0
2020-09-13,1192.0,127.0,350.0,1137.0,9365.0,734.0,27.0,86.0
2020-09-14,1202.0,127.0,356.0,1137.0,9409.0,734.0,27.0,86.0
2020-09-15,1206.0,129.0,358.0,1170.0,9476.0,742.0,27.0,87.0
2020-09-16,1208.0,130.0,364.0,1186.0,9529.0,748.0,27.0,90.0
2020-09-17,1211.0,129.0,371.0,1203.0,9563.0,754.0,27.0,94.0
2020-09-18,1214.0,132.0,375.0,1215.0,9607.0,757.0,28.0,95.0
2020-09-19,1214.0,132.0,375.0,1222.0,9661.0,796.0,28.0,95.0
2020-09-20,1214.0,132.0,375.0,1226.0,9685.0,760.0,28.0,95.0
2020-09-21,1217.0,136.0,383.0,1227.0,9710.0,760.0,28.0,95.0
2020-09-22,1228.0,136.0,393.0,1248.0,9777.0,765.0,28.0,95.0
2020-09-23,1234.0,136.0,399.0,1257.0,9826.0,767.0,28.0,97.0
2020-09-24,1233.0,136.0,402.0,1263.0,9871.0,773.0,28.0,99.0
2020-09-25,1244.0,138.0,406.0,1281.0,9953.0,775.0,31.0,102.0
2020-09-26,1247.0,138.0,406.0,1291.0,9982.0,775.0,31.0,106.0
2020-09-27,1247.0,138.0,406.0,1294.0,9994.0,776.0,35.0,107.0
2020-09-28,1247.0,139.0,412.0,1296.0,10012.0,776.0,35.0,107.0
2020-09-29,1246.0,140.0,416.0,1303.0,10118.0,781.0,35.0,109.0
2020-09-30,1245.0,141.0,420.0,1317.0,10177.0,783.0,35.0,111.0
2020-10-01,1245.0,141.0,426.0,1330.0,10218.0,792.0,36.0,114.0
2020-10-02,1253.0,141.0,430.0,1340.0,10253.0,794.0,36.0,117.0
2020-10-03,1253.0,144.0,430.0,1349.0,10274.0,798.0,36.0,128.0
2020-10-04,1253.0,144.0,430.0,1362.0,10279.0,803.0,36.0,128.0
2020-10-05,1259.0,145.0,432.0,1363.0,10295.0,803.0,36.0,129.0
2020-10-06,1263.0,145.0,437.0,1370.0,10334.0,806.0,36.0,132.0
2020-10-07,1269.0,146.0,445.0,1403.0,10372.0,813.0,37.0,135.0
2020-10-08,1276.0,146.0,447.0,1412.0,10411.0,819.0,38.0,136.0
2020-10-09,1281.0,146.0,450.0,1425.0,10455.0,821.0,38.0,138.0
2020-10-10,1282.0,146.0,450.0,1429.0,10508.0,825.0,38.0,140.0
2020-10-11,1282.0,146.0,450.0,1431.0,10512.0,826.0,38.0,141.0
2020-10-12,1283.0,146.0,458.0,1431.0,10514.0,826.0,38.0,141.0
2020-10-13,1289.0,148.0,458.0,1427.0,10533.0,840.0,38.0,144.0
2020-10-14,1294.0,149.0,462.0,1439.0,10580.0,844.0,41.0,146.0
2020-10-15,1301.0,149.0,464.0,1448.0,10641.0,847.0,41.0,147.0
2020-10-16,1303.0,152.0,468.0,1457.0,10674.0,847.0,40.0,148.0
2020-10-17,1304.0,152.0,468.0,1464.0,10699.0,850.0,41.0,149.0
2020-10-18,1304.0,152.0,468.0,1464.0,10735.0,853.0,41.0,150.0
2020-10-19,1311.0,156.0,471.0,1460.0,10740.0,853.0,41.0,150.0
2020-10-20,1319.0,156.0,474.0,1469.0,10785.0,857.0,41.0,152.0
2020-10-21,1322.0,157.0,480.0,1480.0,10867.0,863.0,42.0,156.0
2020-10-22,1322.0,157.0,482.0,1505.0,10901.0,866.0,42.0,159.0
2020-10-23,1324.0,160.0,484.0,1512.0,10927.0,867.0,42.0,162.0
2020-10-24,1324.0,160.0,484.0,1517.0,10948.0,868.0,42.0,165.0
2020-10-25,1324.0,160.0,484.0,1518.0,10955.0,870.0,42.0,165.0
2020-10-26,1340.0,161.0,491.0,1519.0,10979.0,870.0,42.0,165.0
2020-10-27,1341.0,163.0,496.0,1525.0,11022.0,877.0,43.0,166.0
2020-10-28,1351.0,166.0,499.0,1539.0,11051.0,881.0,43.0,166.0
2020-10-29,1353.0,166.0,500.0,1542.0,11057.0,885.0,46.0,168.0
2020-10-30,1357.0,168.0,500.0,1551.0,11090.0,888.0,48.0,168.0
2020-10-31,1357.0,173.0,500.0,1553.0,11117.0,891.0,49.0,170.0
2020-11-01,1357.0,172.0,500.0,1553.0,11121.0,891.0,49.0,170.0
2020-11-02,1363.0,174.0,502.0,1557.0,11128.0,891.0,50.0,170.0
2020-11-03,1369.0,175.0,504.0,1563.0,11151.0,901.0,50.0,170.0
2020-11-04,1376.0,176.0,506.0,1572.0,11192.0,904.0,50.0,170.0
2020-11-05,1384.0,176.0,506.0,1575.0,11226.0,904.0,50.0,170.0
2020-11-06,1384.0,179.0,508.0,1592.0,11254.0,907.0,50.0,170.0
2020-11-07,1384.0,185.0,508.0,1596.0,11271.0,908.0,50.0,171.0
2020-11-08,1384.0,185.0,508.0,1597.0,11279.0,908.0,50.0,172.0
2020-11-09,1397.0,188.0,513.0,1602.0,11291.0,938.0,50.0,172.0
2020-11-10,1406.0,188.0,514.0,1608.0,11331.0,915.0,55.0,173.0
2020-11-11,1407.0,191.0,514.0,1622.0,11349.0,915.0,57.0,173.0
2020-11-12,1421.0,191.0,517.0,1625.0,11363.0,918.0,57.0,173.0
2020-11-13,1421.0,195.0,520.0,1631.0,11404.0,921.0,58.0,173.0
2020-11-14,1425.0,195.0,520.0,1637.0,11426.0,926.0,59.0,173.0
2020-11-15,1425.0,195.0,520.0,1639.0,11431.0,926.0,59.0,173.0
2020-11-16,1436.0,200.0,527.0,1640.0,11446.0,926.0,59.0,173.0
2020-11-17,1447.0,200.0,533.0,1646.0,11470.0,933.0,60.0,173.0
2020-11-18,1455.0,204.0,536.0,1655.0,11537.0,945.0,60.0,173.0
2020-11-19,1458.0,208.0,544.0,1663.0,11594.0,952.0,61.0,173.0
2020-11-20,1463.0,211.0,546.0,1673.0,11635.0,960.0,61.0,173.0
2020-11-21,1463.0,211.0,546.0,1676.0,11681.0,966.0,61.0,180.0
2020-11-22,1463.0,211.0,546.0,1676.0,11695.0,968.0,63.0,182.0
2020-11-23,1483.0,215.0,550.0,1677.0,11717.0,968.0,63.0,182.0
2020-11-24,1504.0,224.0,557.0,1681.0,11774.0,984.0,65.0,182.0
2020-11-25,1511.0,232.0,566.0,1692.0,11840.0,988.0,65.0,183.0
2020-11-26,1511.0,232.0,566.0,1699.0,11877.0,988.0,65.0,185.0
2020-11-27,1511.0,235.0,576.0,1702.0,11922.0,996.0,65.0,188.0
2020-11-28,1511.0,235.0,576.0,1708.0,11941.0,997.0,67.0,188.0
2020-11-29,1511.0,236.0,576.0,1709.0,11957.0,997.0,67.0,190.0
2020-11-30,1550.0,241.0,581.0,1709.0,11986.0,997.0,67.0,190.0
2020-12-01,1563.0,244.0,586.0,1717.0,12034.0,1019.0,68.0,190.0
2020-12-02,1585.0,250.0,591.0,1727.0,12083.0,1035.0,68.0,190.0
2020-12-03,1597.0,251.0,603.0,1740.0,12166.0,1040.0,73.0,192.0
2020-12-04,1608.0,263.0,614.0,1756.0,12280.0,1047.0,77.0,195.0
2020-12-05,1611.0,269.0,614.0,1764.0,12339.0,1055.0,78.0,198.0
2020-12-06,1611.0,270.0,614.0,1764.0,12377.0,1062.0,78.0,199.0
2020-12-07,1634.0,276.0,620.0,1773.0,12434.0,1062.0,80.0,199.0
2020-12-08,1648.0,286.0,635.0,1778.0,12548.0,1062.0,80.0,199.0
2020-12-09,1675.0,297.0,646.0,1785.0,12652.0,1103.0,81.0,203.0
2020-12-10,1615.0,298.0,659.0,1800.0,12746.0,1114.0,85.0,205.0
2020-12-11,1633.0,306.0,670.0,1822.0,12841.0,1137.0,86.0,206.0
2020-12-12,1578.0,306.0,670.0,1826.0,12935.0,1137.0,96.0,208.0
2020-12-13,1578.0,306.0,670.0,1826.0,12986.0,1162.0,96.0,211.0
2020-12-14,1591.0,307.0,689.0,1835.0,13065.0,1162.0,96.0,211.0
2020-12-15,1617.0,323.0,699.0,1875.0,13196.0,1194.0,99.0,211.0
2020-12-16,1622.0,338.0,711.0,1906.0,13460.0,1217.0,101.0,215.0
2020-12-17,1652.0,345.0,727.0,1911.0,13633.0,1239.0,103.0,216.0
2020-12-18,1640.0,350.0,741.0,1962.0,13768.0,1253.0,103.0,217.0
2020-12-19,1640.0,365.0,741.0,1977.0,13858.0,1280.0,104.0,217.0
2020-12-20,1640.0,365.0,741.0,1979.0,13931.0,1280.0,104.0,218.0
2020-12-21,1651.0,365.0,774.0,2004.0,14046.0,1283.0,104.0,218.0
2020-12-22,1670.0,375.0,786.0,2038.0,14187.0,1311.0,112.0,218.0
2020-12-23,1684.0,381.0,797.0,2074.0,14370.0,1350.0,115.0,221.0
2020-12-24,1700.0,381.0,809.0,2097.0,14563.0,1382.0,116.0,221.0
2020-12-25,1700.0,387.0,809.0,2113.0,14563.0,1382.0,116.0,221.0
2020-12-26,1700.0,387.0,809.0,2128.0,14774.0,1402.0,116.0,221.0
2020-12-27,1700.0,387.0,809.0,2129.0,14827.0,1402.0,116.0,221.0
2020-12-28,1709.0,389.0,827.0,2133.0,14952.0,1404.0,116.0,221.0
2020-12-29,1783.0,389.0,833.0,2159.0,15265.0,1435.0,117.0,221.0
2020-12-30,1812.0,394.0,844.0,2170.0,15583.0,1472.0,117.0,221.0
2020-12-31,1833.0,394.0,857.0,2254.0,15913.0,1534.0,118.0,223.0
2021-01-01,1833.0,400.0,857.0,2307.0,16120.0,1534.0,118.0,224.0
2021-01-02,1833.0,400.0,857.0,2311.0,16276.0,1592.0,121.0,224.0
2021-01-03,1832.0,400.0,857.0,2311.0,16369.0,1592.0,121.0,224.0
2021-01-04,1854.0,400.0,898.0,2311.0,16610.0,1598.0,121.0,224.0
2021-01-05,1883.0,404.0,917.0,2373.0,16842.0,1654.0,121.0,224.0
2021-01-06,1926.0,412.0,941.0,2430.0,17181.0,1691.0,123.0,233.0
2021-01-07,1940.0,412.0,955.0,2482.0,17473.0,1738.0,124.0,233.0
2021-01-08,1964.0,413.0,977.0,2565.0,17899.0,1771.0,124.0,237.0
2021-01-09,1964.0,413.0,977.0,2636.0,18197.0,1824.0,124.0,241.0
2021-01-10,1964.0,413.0,977.0,2675.0,18424.0,1857.0,124.0,242.0
2021-01-11,1970.0,422.0,1015.0,2706.0,18654.0,1857.0,124.0,242.0
2021-01-12,2009.0,425.0,1031.0,2790.0,19039.0,1898.0,125.0,242.0
2021-01-13,2034.0,441.0,1044.0,2832.0,19381.0,1952.0,126.0,244.0
2021-01-14,2051.0,446.0,1062.0,2868.0,19789.0,2005.0,127.0,249.0
2021-01-15,2065.0,457.0,1080.0,2923.0,20255.0,2037.0,127.0,249.0
2021-01-16,2065.0,458.0,1080.0,2965.0,20550.0,2065.0,127.0,251.0
2021-01-17,2065.0,458.0,1080.0,2973.0,20704.0,2103.0,127.0,253.0
2021-01-18,2065.0,463.0,1080.0,3000.0,20792.0,2103.0,127.0,253.0
2021-01-19,2100.0,463.0,1111.0,3050.0,21240.0,2109.0,127.0,255.0
2021-01-20,2100.0,464.0,1128.0,3110.0,21590.0,2174.0,137.0,255.0
2021-01-21,2153.0,464.0,1145.0,3220.0,21978.0,2222.0,138.0,258.0
2021-01-22,2176.0,465.0,1157.0,3299.0,22304.0,2301.0,138.0,262.0
2021-01-23,2176.0,465.0,1157.0,3334.0,22665.0,2344.0,139.0,266.0
2021-01-24,2176.0,465.0,1157.0,3413.0,22849.0,2375.0,139.0,271.0
2021-01-25,2197.0,468.0,1185.0,3446.0,23067.0,2375.0,139.0,271.0
2021-01-26,2206.0,468.0,1194.0,3490.0,23595.0,2421.0,139.0,320.0
2021-01-27,2230.0,479.0,1208.0,3569.0,24049.0,2465.0,139.0,322.0
2021-01-28,2243.0,480.0,1216.0,3640.0,24388.0,2534.0,139.0,324.0
2021-01-29,2266.0,480.0,1239.0,3730.0,24794.0,2571.0,139.0,325.0
2021-01-30,2266.0,480.0,1239.0,3775.0,25175.0,2603.0,139.0,325.0
2021-01-31,2266.0,480.0,1239.0,3802.0,25360.0,2619.0,139.0,327.0
2021-02-01,2280.0,481.0,1262.0,3808.0,25608.0,2619.0,139.0,327.0
2021-02-02,2278.0,486.0,1271.0,3847.0,26016.0,2629.0,149.0,327.0
2021-02-03,2307.0,488.0,1281.0,3901.0,26385.0,2683.0,149.0,331.0
2021-02-04,2317.0,488.0,1288.0,3966.0,26786.0,2738.0,149.0,333.0
2021-02-05,2332.0,488.0,1302.0,4061.0,27107.0,2777.0,149.0,333.0
2021-02-06,2332.0,488.0,1302.0,4082.0,27376.0,2812.0,149.0,333.0
2021-02-07,2332.0,488.0,1302.0,4099.0,27511.0,2821.0,149.0,335.0
2021-02-08,2331.0,491.0,1318.0,4106.0,27714.0,2821.0,149.0,335.0
2021-02-09,2368.0,491.0,1335.0,4171.0,28015.0,2853.0,149.0,335.0
2021-02-10,2388.0,494.0,1352.0,4217.0,28285.0,2904.0,149.0,337.0
2021-02-11,2401.0,494.0,1360.0,4263.0,28585.0,2955.0,149.0,338.0
2021-02-12,2419.0,508.0,1372.0,4357.0,28846.0,2979.0,150.0,339.0
2021-02-13,2419.0,512.0,1372.0,4426.0,29136.0,3009.0,150.0,339.0
2021-02-14,2419.0,512.0,1372.0,4433.0,29291.0,3037.0,150.0,340.0
2021-02-15,2419.0,512.0,1372.0,4436.0,29346.0,3037.0,150.0,340.0
2021-02-16,2436.0,512.0,1382.0,4454.0,29559.0,3042.0,150.0,340.0
2021-02-17,2454.0,516.0,1402.0,4479.0,29813.0,3099.0,151.0,341.0
2021-02-18,2482.0,516.0,1412.0,4515.0,30065.0,3135.0,151.0,342.0
2021-02-19,2496.0,516.0,1431.0,4599.0,30325.0,3169.0,151.0,343.0
2021-02-20,2496.0,516.0,1431.0,4643.0,30535.0,3188.0,151.0,343.0
2021-02-21,2496.0,516.0,1431.0,4669.0,30722.0,3190.0,151.0,344.0
2021-02-22,2518.0,520.0,1438.0,4677.0,30847.0,3190.0,152.0,344.0
2021-02-23,2522.0,520.0,1446.0,4692.0,31056.0,3218.0,152.0,344.0
2021-02-24,2546.0,533.0,1456.0,4714.0,32035.0,3230.0,152.0,346.0
2021-02-25,2559.0,534.0,1464.0,4774.0,32247.0,3260.0,152.0,346.0
2021-02-26,2569.0,534.0,1472.0,4815.0,32527.0,3271.0,152.0,347.0
2021-02-27,2569.0,534.0,1472.0,4824.0,32659.0,3284.0,152.0,349.0
2021-02-28,2569.0,534.0,1472.0,4835.0,32837.0,3303.0,152.0,349.0
2021-03-01,2573.0,535.0,1484.0,4839.0,32972.0,3303.0,156.0,349.0
2021-03-02,2578.0,535.0,1488.0,4863.0,33145.0,3317.0,157.0,349.0
2021-03-03,2590.0,547.0,1498.0,4905.0,33313.0,3342.0,157.0,351.0
2021-03-04,2607.0,550.0,1506.0,4940.0,33573.0,3359.0,157.0,351.0
2021-03-05,2613.0,554.0,1510.0,4957.0,33876.0,3371.0,158.0,353.0
2021-03-06,2613.0,554.0,1510.0,4975.0,34093.0,3385.0,158.0,353.0
2021-03-07,2613.0,554.0,1510.0,4978.0,34183.0,3385.0,158.0,353.0
2021-03-08,2628.0,554.0,1521.0,4989.0,34276.0,3390.0,158.0,353.0
2021-03-09,2636.0,554.0,1525.0,5004.0,34433.0,3405.0,158.0,353.0
2021-03-10,2649.0,556.0,1531.0,5024.0,34607.0,3413.0,158.0,356.0
2021-03-11,2656.0,556.0,1537.0,5045.0,34766.0,3422.0,158.0,356.0
2021-03-12,2661.0,557.0,1541.0,5079.0,34882.0,3422.0,159.0,357.0
2021-03-13,2661.0,557.0,1541.0,5116.0,35693.0,3444.0,159.0,358.0
2021-03-14,2661.0,557.0,1541.0,5126.0,35807.0,3452.0,159.0,359.0
2021-03-15,2664.0,558.0,1548.0,5136.0,35874.0,3452.0,159.0,359.0
2021-03-16,2670.0,558.0,1551.0,5149.0,35954.0,3462.0,159.0,359.0
2021-03-17,2673.0,561.0,1559.0,5180.0,36112.0,3470.0,159.0,359.0
2021-03-18,2685.0,561.0,1565.0,5207.0,36272.0,3478.0,160.0,359.0
2021-03-19,2689.0,564.0,1576.0,5230.0,36394.0,3491.0,160.0,359.0
2021-03-20,2689.0,564.0,1576.0,5219.0,36475.0,3492.0,160.0,360.0
2021-03-21,2689.0,564.0,1576.0,5221.0,36553.0,3494.0,160.0,361.0
2021-03-22,2692.0,565.0,1582.0,5240.0,36627.0,3494.0,160.0,361.0
2021-03-23,2695.0,566.0,1586.0,5250.0,36734.0,3498.0,161.0,361.0
2021-03-24,2703.0,565.0,1590.0,5271.0,36891.0,3509.0,161.0,363.0
2021-03-25,2714.0,565.0,1593.0,5307.0,37035.0,3520.0,161.0,364.0
2021-03-26,2712.0,565.0,1599.0,5321.0,37178.0,3525.0,161.0,364.0
2021-03-27,2712.0,565.0,1599.0,5331.0,37296.0,3540.0,161.0,365.0
2021-03-28,2712.0,565.0,1599.0,5340.0,37370.0,3547.0,161.0,365.0
2021-03-29,2717.0,567.0,1602.0,5346.0,37404.0,3547.0,161.0,365.0
2021-03-30,2721.0,567.0,1603.0,5350.0,37456.0,3555.0,161.0,365.0
2021-03-31,2723.0,567.0,1603.0,5375.0,37526.0,3555.0,161.0,366.0
2021-04-01,2732.0,567.0,1610.0,5377.0,37623.0,3555.0,161.0,366.0
2021-04-02,2738.0,568.0,1613.0,5408.0,37748.0,3568.0,161.0,366.0
2021-04-03,2738.0,568.0,1613.0,5411.0,37807.0,3571.0,161.0,369.0
2021-04-04,2738.0,568.0,1613.0,5413.0,37839.0,3583.0,161.0,369.0
2021-04-05,2747.0,567.0,1617.0,5424.0,37871.0,3583.0,161.0,369.0
2021-04-06,2751.0,567.0,1620.0,5438.0,37915.0,3585.0,161.0,369.0
2021-04-07,2755.0,572.0,1627.0,5441.0,37990.0,3588.0,161.0,369.0
2021-04-08,2760.0,572.0,1638.0,5457.0,38075.0,3592.0,161.0,370.0
2021-04-09,2765.0,572.0,1638.0,5485.0,38173.0,3600.0,161.0,370.0
2021-04-10,2765.0,572.0,1638.0,5498.0,38236.0,3600.0,161.0,370.0
2021-04-11,2765.0,572.0,1638.0,5504.0,38292.0,3621.0,161.0,370.0
2021-04-12,2770.0,575.0,1640.0,5507.0,38316.0,3621.0,162.0,370.0
2021-04-13,2776.0,575.0,1644.0,5513.0,38341.0,3621.0,162.0,370.0
2021-04-14,2784.0,576.0,1644.0,5543.0,38442.0,3648.0,162.0,370.0
2021-04-15,2786.0,576.0,1645.0,5560.0,38487.0,3653.0,169.0,370.0
2021-04-16,2792.0,576.0,1646.0,5573.0,38556.0,3662.0,169.0,370.0
2021-04-17,2792.0,576.0,1646.0,5576.0,38593.0,3674.0,169.0,370.0
2021-04-18,2792.0,576.0,1646.0,5582.0,38629.0,3674.0,169.0,370.0
